partido,total_candidatos,mas_de_una_v2,mas_de_una_v5
ACCION POPULAR,487,37,31
AHORA NACION - AN,371,42,38
ALIANZA ELECTORAL VENCEREMOS,75,5,2
ALIANZA PARA EL PROGRESO,367,61,57
ALIANZA REGIONAL POR EL PERU,75,2,2
AVANZA PAIS - PARTIDO DE INTEGRACION SOCIAL,536,120,115
BATALLA PERU,65,8,7
COALICION TRANSFORMADORA TIERRA VERDE,73,10,10
"COOPERACION, VERDAD Y HONRADEZ",114,8,8
FE EN EL PERU,130,13,13
FRENTE POPULAR AGRICOLA FIA DEL PERU,230,36,1
FUERZA CIUDADANA,50,0,0
FUERZA POPULAR,279,47,43
JUNTOS POR EL PERU,254,26,25
LIBERTAD POPULAR,74,6,5
PARTIDO APRISTA PERUANO,294,11,10
PARTIDO CIVICO OBRAS,282,33,32
PARTIDO DE LOS TRABAJADORES Y EMPRENDEDORES PTE PERU - COMUNIDAD POLITICA INKA PERU,40,2,2
PARTIDO DEL BUEN GOBIERNO,183,22,20
PARTIDO DEMOCRATA UNIDO PERU,79,7,7
PARTIDO DEMOCRATA VERDE,182,15,15
PARTIDO DEMOCRATICO SOMOS PERU,558,123,116
PARTIDO FRENTE DE LA ESPERANZA 2021,221,21,21
PARTIDO MORADO,224,13,12
PARTIDO PAIS PARA TODOS,233,21,20
PARTIDO PATRIOTICO DEL PERU,140,15,15
PARTIDO POLITICO ADP,41,2,2
PARTIDO POLITICO INTEGRIDAD DEMOCRATICA,56,2,2
PARTIDO POLITICO NACIONAL PERU LIBRE,95,6,6
PARTIDO POLITICO PERU ACCION,17,1,1
PARTIDO POLITICO PERU PRIMERO,225,27,26
PARTIDO POLITICO PRIN,127,7,6
PARTIDO POLITICO PUEBLO CONSCIENTE,72,2,2
PARTIDO POPULAR CRISTIANO - PPC,457,66,54
PARTIDO SICREO,75,5,5
PARTIDO UNIDAD Y PAZ,93,6,4
PERU MODERNO,93,11,11
PODEMOS PERU,461,113,111
"PRIMERO LA GENTE - COMUNIDAD, ECOLOGIA, LIBERTAD Y PROGRESO",15,1,1
PROGRESEMOS,244,17,15
RENOVACION POPULAR PERU,558,169,108
SALVEMOS AL PERU,32,3,3
UN CAMINO DIFERENTE,9,3,3
VISION PERU,183,12,11
