dni,nombre,partido_actual,camisetas_v2,camisetas_v5,mas_de_una_v2,mas_de_una_v5,organizaciones_excluidas_en_v5,equivalencias_confirmadas_en_v5,alianzas_absorbidas_en_v5,troncos_v2,troncos_v5
00128070,ANA NATALI KOJAGURA BARRANTES,PARTIDO DEMOCRATICO SOMOS PERU,4,3,True,True,MOVIMIENTO INDEPENDIENTE DEL PUEBLO Y PARA EL PUEBLO - MIPP,,,ALIANZA PARA EL PROGRESO | MOVIMIENTO INDEPENDIENTE DEL PUEBLO Y PARA EL PUEBLO MIPP | PODEMOS PERU | SOMOS PERU,ALIANZA PARA EL PROGRESO | PODEMOS PERU | SOMOS PERU
02393591,JORGE ADALBERTO MAMANI APAZA,AHORA NACION - AN,2,1,True,False,UNIDOS POR JULIACA,,,AHORA NACION AN | UNIDOS POR JULIACA,AHORA NACION AN
02622370,FABIOLA MARIA MORALES CASTILLO,RENOVACION POPULAR PERU,5,1,True,False,,RENOVACION POPULAR PERU → SOLIDARIDAD NACIONAL / RENOVACION POPULAR,ALIANZA ELECTORAL UNIDAD NACIONAL → SOLIDARIDAD NACIONAL / RENOVACION POPULAR | UNIDAD NACIONAL → SOLIDARIDAD NACIONAL / RENOVACION POPULAR | ALIANZA SOLIDARIDAD NACIONAL → SOLIDARIDAD NACIONAL / RENOVACION POPULAR,ALIANZA ELECTORAL UNIDAD NACIONAL | ALIANZA SOLIDARIDAD NACIONAL | RENOVACION POPULAR PERU | SOLIDARIDAD NACIONAL / RENOVACION POPULAR | UNIDAD NACIONAL,SOLIDARIDAD NACIONAL / RENOVACION POPULAR
04223058,MARISOL INGA ARRIETA,FRENTE POPULAR AGRICOLA FIA DEL PERU,2,1,True,False,,FRENTE POPULAR AGRICOLA FIA DEL PERU FREPAP → FREPAP | FRENTE POPULAR AGRICOLA FIA DEL PERU → FREPAP,,FRENTE POPULAR AGRICOLA FIA DEL PERU | FRENTE POPULAR AGRICOLA FIA DEL PERU FREPAP,FREPAP
05403783,DOLLY FABIOLA VASQUEZ ANGULO,RENOVACION POPULAR PERU,3,2,True,True,,RENOVACION POPULAR PERU → SOLIDARIDAD NACIONAL / RENOVACION POPULAR,,PPC | RENOVACION POPULAR PERU | SOLIDARIDAD NACIONAL / RENOVACION POPULAR,PPC | SOLIDARIDAD NACIONAL / RENOVACION POPULAR
05856065,JOSE MENDOZA MELENDEZ,AVANZA PAIS - PARTIDO DE INTEGRACION SOCIAL,3,1,True,False,AGRUPACION VECINAL VIVA REQUENA | L.I. N° 17 CAMBIO 93,,,AGRUPACION VECINAL VIVA REQUENA | AVANZA PAIS | L I N 17 CAMBIO 93,AVANZA PAIS
06016708,LUIS SIGFREDO MILLA SOTO,RENOVACION POPULAR PERU,6,2,True,True,MOVIMIENTO INDEPENDIENTE VAMOS VECINO,RENOVACION POPULAR PERU → SOLIDARIDAD NACIONAL / RENOVACION POPULAR,"ALIANZA ELECTORAL UNIDAD NACIONAL → PPC, SOLIDARIDAD NACIONAL / RENOVACION POPULAR | ALIANZA POR EL GRAN CAMBIO → PPC",ALIANZA ELECTORAL UNIDAD NACIONAL | ALIANZA POR EL GRAN CAMBIO | MOVIMIENTO INDEPENDIENTE VAMOS VECINO | PPC | RENOVACION POPULAR PERU | SOLIDARIDAD NACIONAL / RENOVACION POPULAR,PPC | SOLIDARIDAD NACIONAL / RENOVACION POPULAR
06173813,NATIVIDAD ADELA TORRES GARAY,PARTIDO POPULAR CRISTIANO - PPC,4,3,True,True,MOVIMIENTO DE INTEGRACION VILLAMARIANA,,,MOVIMIENTO DE INTEGRACION VILLAMARIANA | PPC | SOLIDARIDAD NACIONAL / RENOVACION POPULAR | SOMOS PERU,PPC | SOLIDARIDAD NACIONAL / RENOVACION POPULAR | SOMOS PERU
06186769,ISIDORO RUIZ ARANGO,ACCION POPULAR,2,1,True,False,UNIDAD OLIVENSE,,,ACCION POPULAR | UNIDAD OLIVENSE,ACCION POPULAR
06225965,RUBEN DARIO CHOQUE MENDIGURI,FUERZA POPULAR,3,2,True,True,ACCION SOLIDARIA,,,ACCION SOLIDARIA | FUERZA POPULAR | JUNTOS SI PODEMOS,FUERZA POPULAR | JUNTOS SI PODEMOS
06388016,JESUS EDGARDO OCHOA ZAVALETA,ACCION POPULAR,2,1,True,False,L.I. NRO 11 POR ACCION DE LAS BASES LIBRES ORGANIZADAS,,,ACCION POPULAR | L I NRO 11 POR ACCION DE LAS BASES LIBRES ORGANIZADAS,ACCION POPULAR
06541365,LUIS ALEJANDRO PALACIOS ROJAS,PARTIDO DEMOCRATICO SOMOS PERU,5,3,True,True,FRENTE AMPLIO DEMOC. ANCONERO | L.I. NRO 7 FRENTE AMPLIO DEMOCRATICO ANCONERO,AGRUPACION INDEPENDIENTE SI CUMPLE → CAMBIO 90 / PERU PATRIA SEGURA,,ACUERDO SOCIALISTA DE IZQUIERDA | AGRUPACION INDEPENDIENTE SI CUMPLE | FRENTE AMPLIO DEMOC ANCONERO | L I NRO 7 FRENTE AMPLIO DEMOCRATICO ANCONERO | SOMOS PERU,ACUERDO SOCIALISTA DE IZQUIERDA | CAMBIO 90 / PERU PATRIA SEGURA | SOMOS PERU
06541985,PEDRO JOHN BARRERA BERNUI,PARTIDO DEMOCRATICO SOMOS PERU,5,3,True,True,FRENTE DE SOLIDARIDAD ANCONERA | L.I. NRO  5 MOVILIZACION UNIDAD VECINAL DE ANCON,,,FRENTE DE SOLIDARIDAD ANCONERA | L I NRO 5 MOVILIZACION UNIDAD VECINAL DE ANCON | MUVA | SOMOS PERU | UNION POR EL PERU,MUVA | SOMOS PERU | UNION POR EL PERU
06546934,MARIA LUISA RUIZ MARAVI DE SANTILLAN,FUERZA POPULAR,4,3,True,True,MOVIMIENTO INDEPENDIENTE VAMOS VECINO,,,ALIANZA ELECTORAL SOLUCION POPULAR | FUERZA POPULAR | MOVIMIENTO INDEPENDIENTE VAMOS VECINO | PARTIDO APRISTA PERUANO,ALIANZA:VAMOS VECINO | FUERZA POPULAR | PARTIDO APRISTA PERUANO
06598487,RICARDO FIDEL CASTRO SIERRA,PARTIDO DEMOCRATICO SOMOS PERU,7,5,True,True,PROGRESA CON SAN LUIS,AGRUPACION INDEPENDIENTE AVANCEMOS → CAMBIO RADICAL,,AGRUPACION INDEPENDIENTE AVANCEMOS | ALIANZA ELECTORAL UNIDAD NACIONAL | ALIANZA PARA EL PROGRESO | CAMBIO RADICAL | PROGRESA CON SAN LUIS | SOMOS PERU | UNION POR EL PERU,ALIANZA PARA EL PROGRESO | ALIANZA:UNIDAD NACIONAL | CAMBIO RADICAL | SOMOS PERU | UNION POR EL PERU
06661826,JESSICA ARMIDA VARGAS GOMEZ,RENOVACION POPULAR PERU,5,3,True,True,,RENOVACION POPULAR PERU → SOLIDARIDAD NACIONAL / RENOVACION POPULAR,ALIANZA POPULAR → PPC,ALIANZA POPULAR | PPC | RENOVACION POPULAR PERU | SOLIDARIDAD NACIONAL / RENOVACION POPULAR | SOMOS PERU,PPC | SOLIDARIDAD NACIONAL / RENOVACION POPULAR | SOMOS PERU
06662452,JOSE JUAN RODRIGUEZ CARDENAS,LIBERTAD POPULAR,5,3,True,True,DECISION BARRANCO | DECISION CIUDADANA,,,DECISION BARRANCO | DECISION CIUDADANA | LIBERTAD POPULAR | SIEMPRE UNIDOS / RUNA | SOMOS PERU,LIBERTAD POPULAR | SIEMPRE UNIDOS / RUNA | SOMOS PERU
06703116,JAVIER JULIO SILVA QUIÑONES,PARTIDO CIVICO OBRAS,4,3,True,True,SOMOS LIMA,,,PARTIDO CIVICO OBRAS | PARTIDO NACIONALISTA PERUANO | SOMOS LIMA | SOMOS PERU,PARTIDO CIVICO OBRAS | PARTIDO NACIONALISTA PERUANO | SOMOS PERU
06728433,JULIO LANDO BRACAMONTE LA ROSA,PARTIDO CIVICO OBRAS,2,1,True,False,L.I. NRO  7 DE LA MANO CON EL VECINO DE BREÑA,,,L I NRO 7 DE LA MANO CON EL VECINO DE BRENA | PARTIDO CIVICO OBRAS,PARTIDO CIVICO OBRAS
06732910,LIDA ESPERANZA VALDIVIESO SOLIS,RENOVACION POPULAR PERU,3,1,True,False,,RENOVACION POPULAR PERU → SOLIDARIDAD NACIONAL / RENOVACION POPULAR,ALIANZA ELECTORAL UNIDAD NACIONAL → SOLIDARIDAD NACIONAL / RENOVACION POPULAR,ALIANZA ELECTORAL UNIDAD NACIONAL | RENOVACION POPULAR PERU | SOLIDARIDAD NACIONAL / RENOVACION POPULAR,SOLIDARIDAD NACIONAL / RENOVACION POPULAR
06735195,NICOLAS OCTAVIO KUSUNOKI FUERO,PARTIDO CIVICO OBRAS,3,2,True,True,MOVIMIENTO INDEPENDIENTE COMAS CON FE,,,MOVIMIENTO INDEPENDIENTE COMAS CON FE | PARTIDO CIVICO OBRAS | SIEMPRE UNIDOS / RUNA,PARTIDO CIVICO OBRAS | SIEMPRE UNIDOS / RUNA
06739820,ISABEL MARIA RODRIGUEZ VERA,RENOVACION POPULAR PERU,5,1,True,False,"MOVIMIENTO INDEPENDIENTE ""DIALOGO VECINAL"" | MOVIMIENTO INDEPENDIENTE VAMOS VECINO | ORGANIZACION POLITICA LOCAL PROVINCIAL DIALOGO VECINAL",RENOVACION POPULAR PERU → SOLIDARIDAD NACIONAL / RENOVACION POPULAR,,MOVIMIENTO INDEPENDIENTE DIALOGO VECINAL | MOVIMIENTO INDEPENDIENTE VAMOS VECINO | ORGANIZACION POLITICA LOCAL PROVINCIAL DIALOGO VECINAL | RENOVACION POPULAR PERU | SOLIDARIDAD NACIONAL / RENOVACION POPULAR,SOLIDARIDAD NACIONAL / RENOVACION POPULAR
06743534,LUIS FELIPE DE LA MATA MARTINEZ,PODEMOS PERU,6,3,True,True,ALTERNATIVA BREÑENSE | MOVIMIENTO INDEPENDIENTE VAMOS VECINO,,FREDEMO → ACCION POPULAR,ACCION POPULAR | ALTERNATIVA BRENENSE | CAMBIO 90 / PERU PATRIA SEGURA | FREDEMO | MOVIMIENTO INDEPENDIENTE VAMOS VECINO | PODEMOS PERU,ACCION POPULAR | CAMBIO 90 / PERU PATRIA SEGURA | PODEMOS PERU
06748616,ELVA MONICA RODRIGUEZ FALCONI,RENOVACION POPULAR PERU,3,2,True,True,"MOVIMIENTO INDEPENDIENTE ""DIALOGO VECINAL""",RENOVACION POPULAR PERU → SOLIDARIDAD NACIONAL / RENOVACION POPULAR,,MOVIMIENTO INDEPENDIENTE DIALOGO VECINAL | PPC | RENOVACION POPULAR PERU,PPC | SOLIDARIDAD NACIONAL / RENOVACION POPULAR
06806597,JOSE LUIS HUAMANI GONZALES,AVANZA PAIS - PARTIDO DE INTEGRACION SOCIAL,5,3,True,True,"MOVIMIENTO INDEPENDIENTE ""DIALOGO VECINAL"" | MOVIMIENTO INDEPENDIENTE VAMOS VECINO",,,AVANZA PAIS | MOVIMIENTO INDEPENDIENTE DIALOGO VECINAL | MOVIMIENTO INDEPENDIENTE VAMOS VECINO | PPC | RESTAURACION NACIONAL / VICTORIA NACIONAL,AVANZA PAIS | PPC | RESTAURACION NACIONAL / VICTORIA NACIONAL
06823045,CLAUDIO RODRIGUEZ MANSILLA,PARTIDO POLITICO PERU PRIMERO,7,5,True,True,"FRENTE POPULAR Y AGROPECUARIO DE CARABAYLLO FREPAC | MOVIMIENTO INDEPENDIENTE ""DIALOGO VECINAL""",,,ALIANZA PARA EL PROGRESO | FRENTE POPULAR Y AGROPECUARIO DE CARABAYLLO FREPAC | MOVIMIENTO INDEPENDIENTE DIALOGO VECINAL | PARTIDO POLITICO PERU PRIMERO | RESTAURACION NACIONAL / VICTORIA NACIONAL | SIEMPRE UNIDOS / RUNA | SOLIDARIDAD NACIONAL / RENOVACION POPULAR,ALIANZA PARA EL PROGRESO | PARTIDO POLITICO PERU PRIMERO | RESTAURACION NACIONAL / VICTORIA NACIONAL | SIEMPRE UNIDOS / RUNA | SOLIDARIDAD NACIONAL / RENOVACION POPULAR
06830212,ALFREDO JULIO NEPTALI ESTRADA BEZARRAGA,ACCION POPULAR,4,2,True,True,MOVIMIENTO INDEPENDIENTE LA ARBOLEDA | ORGANIZACION POLITICA LOCAL DISTRITAL SANTA ROSA UNIDA,,,ACCION POPULAR | CAMBIO RADICAL | MOVIMIENTO INDEPENDIENTE LA ARBOLEDA | ORGANIZACION POLITICA LOCAL DISTRITAL SANTA ROSA UNIDA,ACCION POPULAR | CAMBIO RADICAL
06837420,CAMILO BOBADILLA LUCIO,FRENTE POPULAR AGRICOLA FIA DEL PERU,2,1,True,False,,FRENTE POPULAR AGRICOLA FIA DEL PERU FREPAP → FREPAP | FRENTE POPULAR AGRICOLA FIA DEL PERU → FREPAP,,FRENTE POPULAR AGRICOLA FIA DEL PERU | FRENTE POPULAR AGRICOLA FIA DEL PERU FREPAP,FREPAP
06886276,ELVIRA MAXIMA ZEVALLOS SEGIL DE FRANCIA,PODEMOS PERU,7,6,True,True,MOVIMIENTO INDEPENDIENTE COMAS CON FE,PARTIDO POPULAR CRISTIANO PPC UNIDAD NACIONAL → PPC,,ALIANZA PARA EL PROGRESO | CAMBIO 90 / PERU PATRIA SEGURA | MOVIMIENTO INDEPENDIENTE COMAS CON FE | PARTIDO POPULAR CRISTIANO PPC UNIDAD NACIONAL | PODEMOS PERU | SIEMPRE UNIDOS / RUNA | SOLIDARIDAD NACIONAL / RENOVACION POPULAR,ALIANZA PARA EL PROGRESO | CAMBIO 90 / PERU PATRIA SEGURA | PODEMOS PERU | PPC | SIEMPRE UNIDOS / RUNA | SOLIDARIDAD NACIONAL / RENOVACION POPULAR
06904832,ROSA ROJAS SIFUENTES,PARTIDO DEMOCRATICO SOMOS PERU,2,1,True,False,SOMOS LIMA,,,SOMOS LIMA | SOMOS PERU,SOMOS PERU
06950464,LUIS ALBERTO PACHECO MARCELO,AVANZA PAIS - PARTIDO DE INTEGRACION SOCIAL,4,3,True,True,MOVIMIENTO INDEPENDIENTE VAMOS VECINO,,,ALIANZA ELECTORAL UNIDAD NACIONAL | AVANZA PAIS | CAMBIO 90 / PERU PATRIA SEGURA | MOVIMIENTO INDEPENDIENTE VAMOS VECINO,ALIANZA:UNIDAD NACIONAL | AVANZA PAIS | CAMBIO 90 / PERU PATRIA SEGURA
06965175,JUAN JOSE CHAFLOQUE PINTO,PARTIDO APRISTA PERUANO,2,1,True,False,LISTA INDEPENDIENTE DE TRABAJADORES SOCIALISTAS,,,LISTA INDEPENDIENTE DE TRABAJADORES SOCIALISTAS | PARTIDO APRISTA PERUANO,PARTIDO APRISTA PERUANO
06977567,AURELIA SAYDA CONDEZO DAVILA,FUERZA POPULAR,5,2,True,True,MOVIMIENTO INDEPENDIENTE NUEVA SOCIEDAD | MOVIMIENTO INDEPENDIENTE VAMOS VECINO,AGRUPACION INDEPENDIENTE SI CUMPLE → CAMBIO 90 / PERU PATRIA SEGURA | ALIANZA ELECTORAL CAMBIO 90 NUEVA MAYORIA → CAMBIO 90 / PERU PATRIA SEGURA,,AGRUPACION INDEPENDIENTE SI CUMPLE | ALIANZA ELECTORAL CAMBIO 90 NUEVA MAYORIA | FUERZA POPULAR | MOVIMIENTO INDEPENDIENTE NUEVA SOCIEDAD | MOVIMIENTO INDEPENDIENTE VAMOS VECINO,CAMBIO 90 / PERU PATRIA SEGURA | FUERZA POPULAR
07037916,CARMEN ROSA LIZA YARAZCA,RENOVACION POPULAR PERU,3,2,True,True,,RENOVACION POPULAR PERU → SOLIDARIDAD NACIONAL / RENOVACION POPULAR,,PODEMOS PERU | RENOVACION POPULAR PERU | SOLIDARIDAD NACIONAL / RENOVACION POPULAR,PODEMOS PERU | SOLIDARIDAD NACIONAL / RENOVACION POPULAR
07058993,JUANA MONTAÑO GARCIA,FRENTE POPULAR AGRICOLA FIA DEL PERU,2,1,True,False,,FRENTE POPULAR AGRICOLA FIA DEL PERU FREPAP → FREPAP | FRENTE POPULAR AGRICOLA FIA DEL PERU → FREPAP,,FRENTE POPULAR AGRICOLA FIA DEL PERU | FRENTE POPULAR AGRICOLA FIA DEL PERU FREPAP,FREPAP
07071602,VICTOR MODESTO SALCEDO RIOS,ALIANZA PARA EL PROGRESO,4,3,True,True,,,"ALIANZA ELECTORAL UNIDAD NACIONAL → PPC, SOLIDARIDAD NACIONAL / RENOVACION POPULAR | ALIANZA ELECTORAL UNIDAD NACIONAL → PPC, SOLIDARIDAD NACIONAL / RENOVACION POPULAR",ALIANZA ELECTORAL UNIDAD NACIONAL | ALIANZA PARA EL PROGRESO | PPC | SOLIDARIDAD NACIONAL / RENOVACION POPULAR,ALIANZA PARA EL PROGRESO | PPC | SOLIDARIDAD NACIONAL / RENOVACION POPULAR
07098616,LIBORIO SORIA ALVAREZ,PODEMOS PERU,3,2,True,True,SOMOS LIMA,,,PODEMOS PERU | SOMOS LIMA | UNION POR EL PERU,PODEMOS PERU | UNION POR EL PERU
07104258,RUTH ANA GARCIA GARCIA,RENOVACION POPULAR PERU,3,2,True,True,,RENOVACION POPULAR PERU → SOLIDARIDAD NACIONAL / RENOVACION POPULAR,,RENOVACION POPULAR PERU | SOLIDARIDAD NACIONAL / RENOVACION POPULAR | UNION POR EL PERU,SOLIDARIDAD NACIONAL / RENOVACION POPULAR | UNION POR EL PERU
07111579,CELSO VLADIMIR TORRES MERINO,FUERZA POPULAR,4,3,True,True,MOVIMIENTO INDEPENDIENTE VAMOS VECINO,AGRUPACION INDEPENDIENTE SI CUMPLE → CAMBIO 90 / PERU PATRIA SEGURA,,AGRUPACION INDEPENDIENTE SI CUMPLE | FUERZA POPULAR | MOVIMIENTO INDEPENDIENTE VAMOS VECINO | TODAS LAS SANGRES,CAMBIO 90 / PERU PATRIA SEGURA | FUERZA POPULAR | TODAS LAS SANGRES
07135876,EVANS RODOLFO SIFUENTES OCAÑA,PARTIDO POPULAR CRISTIANO - PPC,5,4,True,True,MOVIMIENTO INDEPENDIENTE SOMOS NUEVA GENERACION,,,ALIANZA PARA EL PROGRESO | MOVIMIENTO INDEPENDIENTE SOMOS NUEVA GENERACION | PPC | RESTAURACION NACIONAL / VICTORIA NACIONAL | SOLIDARIDAD NACIONAL / RENOVACION POPULAR,ALIANZA PARA EL PROGRESO | PPC | RESTAURACION NACIONAL / VICTORIA NACIONAL | SOLIDARIDAD NACIONAL / RENOVACION POPULAR
07160511,BENIGNO ROBERTO CALDERON ARONES,RENOVACION POPULAR PERU,4,3,True,True,,RENOVACION POPULAR PERU → SOLIDARIDAD NACIONAL / RENOVACION POPULAR,,ALIANZA PARA EL PROGRESO | CAMBIO 90 / PERU PATRIA SEGURA | RENOVACION POPULAR PERU | SOLIDARIDAD NACIONAL / RENOVACION POPULAR,ALIANZA PARA EL PROGRESO | CAMBIO 90 / PERU PATRIA SEGURA | SOLIDARIDAD NACIONAL / RENOVACION POPULAR
07161628,MARCOS MANUEL REMACHE NERY,PARTIDO POLITICO PERU PRIMERO,2,1,True,False,SOMOS LIMA,,,PARTIDO POLITICO PERU PRIMERO | SOMOS LIMA,PARTIDO POLITICO PERU PRIMERO
07165879,GUILLERMO AMADO CHACALTANA YEREN,PARTIDO POPULAR CRISTIANO - PPC,4,3,True,True,MOVIMIENTO INDEPENDIENTE VAMOS VECINO,,,CAMBIO 90 / PERU PATRIA SEGURA | MOVIMIENTO INDEPENDIENTE VAMOS VECINO | PPC | SIEMPRE UNIDOS / RUNA,CAMBIO 90 / PERU PATRIA SEGURA | PPC | SIEMPRE UNIDOS / RUNA
07174429,GLADYS MANRIQUE MANRIQUE,PARTIDO PAIS PARA TODOS,3,2,True,True,"MOVIMIENTO INDEPENDIENTE ""DIALOGO VECINAL""",,,MOVIMIENTO INDEPENDIENTE DIALOGO VECINAL | PARTIDO PAIS PARA TODOS | SIEMPRE UNIDOS / RUNA,PARTIDO PAIS PARA TODOS | SIEMPRE UNIDOS / RUNA
07198099,MAURICIO CHAMOCHUMBI FERNANDEZ,ACCION POPULAR,3,2,True,True,,,ALIANZA POR EL GRAN CAMBIO → ALIANZA PARA EL PROGRESO,ACCION POPULAR | ALIANZA PARA EL PROGRESO | ALIANZA POR EL GRAN CAMBIO,ACCION POPULAR | ALIANZA PARA EL PROGRESO
07202276,MIRKO JORGE SUAREZ QUINTANA,PARTIDO POPULAR CRISTIANO - PPC,2,1,True,False,SOMOS LIMA,,,PPC | SOMOS LIMA,PPC
07245121,MARIA MONSERRAT ANTONIA BENAVIDES ALEGRIA,AVANZA PAIS - PARTIDO DE INTEGRACION SOCIAL,4,3,True,True,,PARTIDO POPULAR CRISTIANO PPC UNIDAD NACIONAL → PPC,"ALIANZA ELECTORAL UNIDAD NACIONAL → PPC, SOLIDARIDAD NACIONAL / RENOVACION POPULAR | ALIANZA ELECTORAL UNIDAD NACIONAL → PPC, SOLIDARIDAD NACIONAL / RENOVACION POPULAR",ALIANZA ELECTORAL UNIDAD NACIONAL | AVANZA PAIS | PARTIDO POPULAR CRISTIANO PPC UNIDAD NACIONAL | SOLIDARIDAD NACIONAL / RENOVACION POPULAR,AVANZA PAIS | PPC | SOLIDARIDAD NACIONAL / RENOVACION POPULAR
07249154,JOSE ANIBAL OLIVA GUEVARA,PODEMOS PERU,3,2,True,True,MOVIMIENTO INDEPENDIENTE VAMOS VECINO,,,MOVIMIENTO INDEPENDIENTE VAMOS VECINO | PODEMOS PERU | SIEMPRE UNIDOS / RUNA,PODEMOS PERU | SIEMPRE UNIDOS / RUNA
07255022,LUIS ENRIQUE OCROSPOMA PELLA,AVANZA PAIS - PARTIDO DE INTEGRACION SOCIAL,6,4,True,True,,PARTIDO POPULAR CRISTIANO PPC UNIDAD NACIONAL → PPC,ALIANZA ELECTORAL UNIDAD NACIONAL → PPC | ALIANZA ELECTORAL UNIDAD NACIONAL → PPC,ALIANZA ELECTORAL UNIDAD NACIONAL | AVANZA PAIS | PARTIDO POPULAR CRISTIANO PPC UNIDAD NACIONAL | PERU NACION | PPC | SOMOS PERU,AVANZA PAIS | PERU NACION | PPC | SOMOS PERU
07269661,GABY MATILDE MENDIOLA MONTEVERDE DE NAVARRO,RENOVACION POPULAR PERU,2,1,True,False,,RENOVACION POPULAR PERU → SOLIDARIDAD NACIONAL / RENOVACION POPULAR,ALIANZA ELECTORAL UNIDAD NACIONAL → SOLIDARIDAD NACIONAL / RENOVACION POPULAR,ALIANZA ELECTORAL UNIDAD NACIONAL | RENOVACION POPULAR PERU,SOLIDARIDAD NACIONAL / RENOVACION POPULAR
07275039,CARLOS JAVIER TALAVERA ALVAREZ,ALIANZA PARA EL PROGRESO,7,4,True,True,L.I. NRO  7 CORAZON MOLINENSE | U.T. VIVA LA MOLINA | VIVA LA MOLINA,,,ALIANZA PARA EL PROGRESO | L I NRO 7 CORAZON MOLINENSE | PODEMOS PERU | SOLIDARIDAD NACIONAL / RENOVACION POPULAR | SOMOS PERU | U T VIVA LA MOLINA | VIVA LA MOLINA,ALIANZA PARA EL PROGRESO | PODEMOS PERU | SOLIDARIDAD NACIONAL / RENOVACION POPULAR | SOMOS PERU
07287830,JOSE CARLOS PEREZ ALBELA MERINO,RENOVACION POPULAR PERU,3,2,True,True,,RENOVACION POPULAR PERU → SOLIDARIDAD NACIONAL / RENOVACION POPULAR,,PPC | RENOVACION POPULAR PERU | SOLIDARIDAD NACIONAL / RENOVACION POPULAR,PPC | SOLIDARIDAD NACIONAL / RENOVACION POPULAR
07318262,ANTONIO FLORES CACERES,FRENTE POPULAR AGRICOLA FIA DEL PERU,2,1,True,False,,FRENTE POPULAR AGRICOLA FIA DEL PERU FREPAP → FREPAP | FRENTE POPULAR AGRICOLA FIA DEL PERU → FREPAP,,FRENTE POPULAR AGRICOLA FIA DEL PERU | FRENTE POPULAR AGRICOLA FIA DEL PERU FREPAP,FREPAP
07322576,MEUNER ROSA ROJAS PALACIOS,PODEMOS PERU,3,2,True,True,,,ALIANZA ELECTORAL UNIDAD NACIONAL → SOLIDARIDAD NACIONAL / RENOVACION POPULAR,ALIANZA ELECTORAL UNIDAD NACIONAL | PODEMOS PERU | SOLIDARIDAD NACIONAL / RENOVACION POPULAR,PODEMOS PERU | SOLIDARIDAD NACIONAL / RENOVACION POPULAR
07339716,LUIS MIGUEL DIAZ MANDAMIENTO,RENOVACION POPULAR PERU,2,1,True,False,,RENOVACION POPULAR PERU → SOLIDARIDAD NACIONAL / RENOVACION POPULAR,,RENOVACION POPULAR PERU | SOLIDARIDAD NACIONAL / RENOVACION POPULAR,SOLIDARIDAD NACIONAL / RENOVACION POPULAR
07487165,PERCY MARTIN ZAPATA HUARCAYA,RENOVACION POPULAR PERU,4,3,True,True,,RENOVACION POPULAR PERU → SOLIDARIDAD NACIONAL / RENOVACION POPULAR,,RENOVACION POPULAR PERU | SOLIDARIDAD NACIONAL / RENOVACION POPULAR | SOMOS PERU | TODOS POR EL PERU,SOLIDARIDAD NACIONAL / RENOVACION POPULAR | SOMOS PERU | TODOS POR EL PERU
07493327,MARTIN JORGE LUIS GUEVARA MARTINEZ,FUERZA POPULAR,4,3,True,True,,PARTIDO POPULAR CRISTIANO PPC UNIDAD NACIONAL → PPC,,FUERZA POPULAR | PARTIDO APRISTA PERUANO | PARTIDO POPULAR CRISTIANO PPC UNIDAD NACIONAL | PPC,FUERZA POPULAR | PARTIDO APRISTA PERUANO | PPC
07494029,MAXIMO TEODORO ORTIZ ANTEZANA,FRENTE POPULAR AGRICOLA FIA DEL PERU,2,1,True,False,,FRENTE POPULAR AGRICOLA FIA DEL PERU FREPAP → FREPAP | FRENTE POPULAR AGRICOLA FIA DEL PERU → FREPAP,,FRENTE POPULAR AGRICOLA FIA DEL PERU | FRENTE POPULAR AGRICOLA FIA DEL PERU FREPAP,FREPAP
07501025,ANA LESLIE GUZMAN VIVANCO,RENOVACION POPULAR PERU,2,1,True,False,,RENOVACION POPULAR PERU → SOLIDARIDAD NACIONAL / RENOVACION POPULAR,,RENOVACION POPULAR PERU | SOLIDARIDAD NACIONAL / RENOVACION POPULAR,SOLIDARIDAD NACIONAL / RENOVACION POPULAR
07519223,JUAN PEDRO CHANG CASTRO,ALIANZA ELECTORAL VENCEREMOS,2,1,True,False,SOMOS LIMA,,,ALIANZA ELECTORAL VENCEREMOS | SOMOS LIMA,ALIANZA:ALIANZA ELECTORAL VENCEREMOS
07550524,CECILIA IRENE CARDENAS CARDENAS,RENOVACION POPULAR PERU,2,1,True,False,,RENOVACION POPULAR PERU → SOLIDARIDAD NACIONAL / RENOVACION POPULAR,,RENOVACION POPULAR PERU | SOLIDARIDAD NACIONAL / RENOVACION POPULAR,SOLIDARIDAD NACIONAL / RENOVACION POPULAR
07575582,FELIPE HAU MENDOZA,PARTIDO POPULAR CRISTIANO - PPC,2,1,True,False,TODOS POR LA VICTORIA,,,PPC | TODOS POR LA VICTORIA,PPC
07602083,JULIO CESAR MAGAN ZEVALLOS,ALIANZA ELECTORAL VENCEREMOS,3,2,True,True,LISTA INDEPENDIENTE DE TRABAJADORES SOCIALISTAS,AGRUPACION INDEPENDIENTE UNION POR EL PERU FRENTE AMPLIO → UNION POR EL PERU,,AGRUPACION INDEPENDIENTE UNION POR EL PERU FRENTE AMPLIO | ALIANZA ELECTORAL VENCEREMOS | LISTA INDEPENDIENTE DE TRABAJADORES SOCIALISTAS,ALIANZA:ALIANZA ELECTORAL VENCEREMOS | UNION POR EL PERU
07613223,EFRAIN AGUILAR PARDAVE,RENOVACION POPULAR PERU,3,1,True,False,,RENOVACION POPULAR PERU → SOLIDARIDAD NACIONAL / RENOVACION POPULAR,ALIANZA ELECTORAL UNIDAD NACIONAL → SOLIDARIDAD NACIONAL / RENOVACION POPULAR | ALIANZA ELECTORAL UNIDAD NACIONAL → SOLIDARIDAD NACIONAL / RENOVACION POPULAR,ALIANZA ELECTORAL UNIDAD NACIONAL | RENOVACION POPULAR PERU | SOLIDARIDAD NACIONAL / RENOVACION POPULAR,SOLIDARIDAD NACIONAL / RENOVACION POPULAR
07615578,MIGUEL AUGUSTO MACHADO VALDEZ,PARTIDO PAIS PARA TODOS,2,1,True,False,EDIFICAR,,,EDIFICAR | PARTIDO PAIS PARA TODOS,PARTIDO PAIS PARA TODOS
07623167,MANUEL EDUARDO FERNANDEZ ZUMAETA,AVANZA PAIS - PARTIDO DE INTEGRACION SOCIAL,2,1,True,False,DIALOGO VECINAL,,,AVANZA PAIS | DIALOGO VECINAL,AVANZA PAIS
07631994,JEANETTE EVANGELINA ALONZO CONTRERAS,RENOVACION POPULAR PERU,2,1,True,False,,RENOVACION POPULAR PERU → SOLIDARIDAD NACIONAL / RENOVACION POPULAR,,RENOVACION POPULAR PERU | SOLIDARIDAD NACIONAL / RENOVACION POPULAR,SOLIDARIDAD NACIONAL / RENOVACION POPULAR
07638347,JULISSA ROCIO FERNANDEZ FERNANDEZ,PARTIDO POPULAR CRISTIANO - PPC,2,1,True,False,,PARTIDO POPULAR CRISTIANO PPC UNIDAD NACIONAL → PPC,,PARTIDO POPULAR CRISTIANO PPC UNIDAD NACIONAL | PPC,PPC
07649901,AMERICO CHOQUE MARQUINA,AVANZA PAIS - PARTIDO DE INTEGRACION SOCIAL,3,2,True,True,MOVIMIENTO INDEPENDIENTE REVELACION HUAROCHIRANA,,,AVANZA PAIS | MOVIMIENTO INDEPENDIENTE REVELACION HUAROCHIRANA | UNION POR EL PERU,AVANZA PAIS | UNION POR EL PERU
07653205,ALBINO RAFAEL MAYTA MAGGY,ACCION POPULAR,2,1,True,False,CHOSICA AHORA,,,ACCION POPULAR | CHOSICA AHORA,ACCION POPULAR
07658628,VIRGILIO PAZ AYALA,PERU MODERNO,3,2,True,True,L.I. NRO  7 UNION POR EL PROGRESO,,,L I NRO 7 UNION POR EL PROGRESO | PARTIDO SOCIALISTA DE LOS TRABAJADORES | PERU MODERNO,PARTIDO SOCIALISTA DE LOS TRABAJADORES | PERU MODERNO
07680358,FREDDY WALTER CUETO PINO,JUNTOS POR EL PERU,2,1,True,False,"MOVIMIENTO INDEPENDIENTE ""CHOSICA MERECE MAS""",,,HUMANISTA / JUNTOS POR EL PERU | MOVIMIENTO INDEPENDIENTE CHOSICA MERECE MAS,HUMANISTA / JUNTOS POR EL PERU
07695465,CARLOS AUGUSTO RIVAS CAYCHO,AHORA NACION - AN,4,3,True,True,MOVIMIENTO DE INTEGRACION LURINENSE,,,AHORA NACION AN | HUMANISTA / JUNTOS POR EL PERU | MOVIMIENTO DE INTEGRACION LURINENSE | PARTIDO DESCENTRALISTA FUERZA SOCIAL,AHORA NACION AN | HUMANISTA / JUNTOS POR EL PERU | PARTIDO DESCENTRALISTA FUERZA SOCIAL
07713261,PIO JOSE GARRIAZO ATAHUA,PARTIDO POLITICO NACIONAL PERU LIBRE,3,2,True,True,ORGANIZACION POLITICA LOCAL PROVINCIAL DIALOGO VECINAL,,,ALIANZA ELECTORAL UNIDAD NACIONAL | ORGANIZACION POLITICA LOCAL PROVINCIAL DIALOGO VECINAL | PERU LIBRE,ALIANZA:UNIDAD NACIONAL | PERU LIBRE
07719159,MALCA SCHNAIDERMAN LARA,RENOVACION POPULAR PERU,4,3,True,True,,RENOVACION POPULAR PERU → SOLIDARIDAD NACIONAL / RENOVACION POPULAR,,ACCION POPULAR | CAMBIO RADICAL | RENOVACION POPULAR PERU | SOLIDARIDAD NACIONAL / RENOVACION POPULAR,ACCION POPULAR | CAMBIO RADICAL | SOLIDARIDAD NACIONAL / RENOVACION POPULAR
07727735,ANTONELA AGARINI BERNAL,PARTIDO POPULAR CRISTIANO - PPC,2,1,True,False,,PARTIDO POPULAR CRISTIANO PPC UNIDAD NACIONAL → PPC,,PARTIDO POPULAR CRISTIANO PPC UNIDAD NACIONAL | PPC,PPC
07742587,RAUL MADUEÑO ORTIZ,PARTIDO POPULAR CRISTIANO - PPC,4,3,True,True,,PARTIDO POPULAR CRISTIANO PPC UNIDAD NACIONAL → PPC,,ACCION POPULAR | PARTIDO POPULAR CRISTIANO PPC UNIDAD NACIONAL | PODEMOS PERU | PPC,ACCION POPULAR | PODEMOS PERU | PPC
07748777,JAVIER OLAZABAL RAYA,AVANZA PAIS - PARTIDO DE INTEGRACION SOCIAL,5,4,True,True,MAGDALENA AVANZA,,,ALIANZA ELECTORAL UNIDAD NACIONAL | AVANZA PAIS | MAGDALENA AVANZA | RESTAURACION NACIONAL / VICTORIA NACIONAL | SOMOS PERU,ALIANZA:UNIDAD NACIONAL | AVANZA PAIS | RESTAURACION NACIONAL / VICTORIA NACIONAL | SOMOS PERU
07752979,FRANCIS JAMES ALLISON OYAGUE,AVANZA PAIS - PARTIDO DE INTEGRACION SOCIAL,5,3,True,True,CAÑETE AVANZA | MAGDALENA AVANZA,,,ALIANZA ELECTORAL UNIDAD NACIONAL | ALIANZA PARA EL PROGRESO | AVANZA PAIS | CANETE AVANZA | MAGDALENA AVANZA,ALIANZA PARA EL PROGRESO | ALIANZA:UNIDAD NACIONAL | AVANZA PAIS
07770735,APARICIO DIONICIO QUINTANA ZEVALLOS,JUNTOS POR EL PERU,4,2,True,True,L.I. NRO  9 SUCRE TECNOLOGIA Y DESARROLLO | MOVIMIENTO INDEPENDIENTE AGRARIO,,,HUMANISTA / JUNTOS POR EL PERU | L I NRO 9 SUCRE TECNOLOGIA Y DESARROLLO | MOVIMIENTO INDEPENDIENTE AGRARIO | PARTIDO APRISTA PERUANO,HUMANISTA / JUNTOS POR EL PERU | PARTIDO APRISTA PERUANO
07775378,JULIO ALFONSO CABALLERO MALDONADO,FUERZA POPULAR,2,1,True,False,SALVEMOS MIRAFLORES,,,FUERZA POPULAR | SALVEMOS MIRAFLORES,FUERZA POPULAR
07792290,CARLOS ALBERTO TEJADA NORIEGA,ACCION POPULAR,3,1,True,False,DEMOCRACIA CON VALORES | VALORES PERU,,,ACCION POPULAR | DEMOCRACIA CON VALORES | VALORES PERU,ACCION POPULAR
07827187,ESTEBAN UCEDA GUERRA GARCIA,RENOVACION POPULAR PERU,5,4,True,True,,RENOVACION POPULAR PERU → SOLIDARIDAD NACIONAL / RENOVACION POPULAR,,ALIANZA ELECTORAL VAMOS VECINO | AVANZA PAIS | RENOVACION POPULAR PERU | RESTAURACION NACIONAL / VICTORIA NACIONAL | SOLIDARIDAD NACIONAL / RENOVACION POPULAR,ALIANZA:VAMOS VECINO | AVANZA PAIS | RESTAURACION NACIONAL / VICTORIA NACIONAL | SOLIDARIDAD NACIONAL / RENOVACION POPULAR
07833461,JORGE ANTONIO RUIZ DE SOMOCURCIO HIDALGO,PARTIDO POPULAR CRISTIANO - PPC,3,2,True,True,SOMOS LIMA,,,PPC | SOMOS LIMA | SOMOS PERU,PPC | SOMOS PERU
07845838,RAFAEL BERNARDO LÓPEZ ALIAGA CAZORLA,RENOVACION POPULAR PERU,4,1,True,False,,RENOVACION POPULAR PERU → SOLIDARIDAD NACIONAL / RENOVACION POPULAR,ALIANZA ELECTORAL UNIDAD NACIONAL → SOLIDARIDAD NACIONAL / RENOVACION POPULAR | ALIANZA SOLIDARIDAD NACIONAL → SOLIDARIDAD NACIONAL / RENOVACION POPULAR,ALIANZA ELECTORAL UNIDAD NACIONAL | ALIANZA SOLIDARIDAD NACIONAL | RENOVACION POPULAR PERU | SOLIDARIDAD NACIONAL / RENOVACION POPULAR,SOLIDARIDAD NACIONAL / RENOVACION POPULAR
07853454,ALBERTO FERNANDO MORENO MEJIA,PARTIDO DEMOCRATICO SOMOS PERU,2,1,True,False,SOMOS LIMA,,,SOMOS LIMA | SOMOS PERU,SOMOS PERU
07878562,JUANA ROSA BERROCAL YNDIGOYEN,RENOVACION POPULAR PERU,2,1,True,False,,RENOVACION POPULAR PERU → SOLIDARIDAD NACIONAL / RENOVACION POPULAR,,RENOVACION POPULAR PERU | SOLIDARIDAD NACIONAL / RENOVACION POPULAR,SOLIDARIDAD NACIONAL / RENOVACION POPULAR
07881448,PIERRE LEONARDO JAVIER MOROTE BUSTAMANTE,RENOVACION POPULAR PERU,2,1,True,False,,RENOVACION POPULAR PERU → SOLIDARIDAD NACIONAL / RENOVACION POPULAR,,RENOVACION POPULAR PERU | SOLIDARIDAD NACIONAL / RENOVACION POPULAR,SOLIDARIDAD NACIONAL / RENOVACION POPULAR
07883267,MANUELA ROSA LILIBETH GARCIA MONCADA,PARTIDO DEL BUEN GOBIERNO,2,1,True,False,SOMOS LIMA,,,PARTIDO DEL BUEN GOBIERNO | SOMOS LIMA,PARTIDO DEL BUEN GOBIERNO
07891618,LEONCIO GONZALO REYES ARRIARAN,RENOVACION POPULAR PERU,4,3,True,True,,RENOVACION POPULAR PERU → SOLIDARIDAD NACIONAL / RENOVACION POPULAR,,CAMBIO 90 / PERU PATRIA SEGURA | RENOVACION POPULAR PERU | SOLIDARIDAD NACIONAL / RENOVACION POPULAR | SOMOS PERU,CAMBIO 90 / PERU PATRIA SEGURA | SOLIDARIDAD NACIONAL / RENOVACION POPULAR | SOMOS PERU
07894687,SEGUNDO MANUEL PEDEMONTE SAAVEDRA,PARTIDO APRISTA PERUANO,4,3,True,True,SOMOS LURIN,PARTIDO POPULAR CRISTIANO PPC UNIDAD NACIONAL → PPC,,ACCION POPULAR | PARTIDO APRISTA PERUANO | PARTIDO POPULAR CRISTIANO PPC UNIDAD NACIONAL | SOMOS LURIN,ACCION POPULAR | PARTIDO APRISTA PERUANO | PPC
07910883,JUAN JOSE SEGURA SANTISTEBAN,PARTIDO MORADO,3,2,True,True,LISTA INDEPENDIENTE DE TRABAJADORES SOCIALISTAS,,,LISTA INDEPENDIENTE DE TRABAJADORES SOCIALISTAS | PARTIDO MORADO | PERU POSIBLE,PARTIDO MORADO | PERU POSIBLE
07943181,LUIS ISAEL RUBIO IDROGO,RENOVACION POPULAR PERU,2,1,True,False,,RENOVACION POPULAR PERU → SOLIDARIDAD NACIONAL / RENOVACION POPULAR,,RENOVACION POPULAR PERU | SOLIDARIDAD NACIONAL / RENOVACION POPULAR,SOLIDARIDAD NACIONAL / RENOVACION POPULAR
07988818,ANTONIO GERMAN RODRIGUEZ JAUREGUIZA,PARTIDO POPULAR CRISTIANO - PPC,3,2,True,True,,,ALIANZA ELECTORAL UNIDAD NACIONAL → PPC | ALIANZA ELECTORAL UNIDAD NACIONAL → PPC,ALIANZA ELECTORAL UNIDAD NACIONAL | ALIANZA PARA EL PROGRESO | PPC,ALIANZA PARA EL PROGRESO | PPC
07989049,FAUSTINO FERNANDO VILCA VARGAS,PARTIDO DEMOCRATICO SOMOS PERU,3,2,True,True,LA NUEVA OPCION DE PUENTE PIEDRA,,,LA NUEVA OPCION DE PUENTE PIEDRA | PERU POSIBLE | SOMOS PERU,PERU POSIBLE | SOMOS PERU
08001903,EDUARDO ALEJANDRO HUNDSKOPF LLOSA,RENOVACION POPULAR PERU,2,1,True,False,,RENOVACION POPULAR PERU → SOLIDARIDAD NACIONAL / RENOVACION POPULAR,,RENOVACION POPULAR PERU | SOLIDARIDAD NACIONAL / RENOVACION POPULAR,SOLIDARIDAD NACIONAL / RENOVACION POPULAR
08044674,JESUS ALBERTO HUAMAN ALVARADO,RENOVACION POPULAR PERU,2,1,True,False,,RENOVACION POPULAR PERU → SOLIDARIDAD NACIONAL / RENOVACION POPULAR,,RENOVACION POPULAR PERU | SOLIDARIDAD NACIONAL / RENOVACION POPULAR,SOLIDARIDAD NACIONAL / RENOVACION POPULAR
08044864,ELSA GLADYS VIERA QUISPE,FRENTE POPULAR AGRICOLA FIA DEL PERU,2,1,True,False,,FRENTE POPULAR AGRICOLA FIA DEL PERU FREPAP → FREPAP | FRENTE POPULAR AGRICOLA FIA DEL PERU → FREPAP,,FRENTE POPULAR AGRICOLA FIA DEL PERU | FRENTE POPULAR AGRICOLA FIA DEL PERU FREPAP,FREPAP
08081315,ENRIQUE ARMANDO PERAMAS DIAZ,AVANZA PAIS - PARTIDO DE INTEGRACION SOCIAL,6,4,True,True,,,"FREDEMO → PPC | ALIANZA ELECTORAL UNIDAD NACIONAL → PPC, SOLIDARIDAD NACIONAL / RENOVACION POPULAR",ALIANZA ELECTORAL UNIDAD NACIONAL | AVANZA PAIS | FREDEMO | PPC | SOLIDARIDAD NACIONAL / RENOVACION POPULAR | SOMOS PERU,AVANZA PAIS | PPC | SOLIDARIDAD NACIONAL / RENOVACION POPULAR | SOMOS PERU
08081871,EFIGENIA ROSARIO ARNAO INFANTAS,PARTIDO POPULAR CRISTIANO - PPC,3,1,True,False,,,FREDEMO → PPC | ALIANZA ELECTORAL UNIDAD NACIONAL → PPC,ALIANZA ELECTORAL UNIDAD NACIONAL | FREDEMO | PPC,PPC
08098398,AGUSTIN CONVERCION SAENZ RETUERTO,PODEMOS PERU,2,1,True,False,MOVIMIENTO INDEPENDIENTE COMAS CON FE,,,MOVIMIENTO INDEPENDIENTE COMAS CON FE | PODEMOS PERU,PODEMOS PERU
08105720,ANTONIO AYQUIPA GARCES,FRENTE POPULAR AGRICOLA FIA DEL PERU,2,1,True,False,,FRENTE POPULAR AGRICOLA FIA DEL PERU FREPAP → FREPAP | FRENTE POPULAR AGRICOLA FIA DEL PERU → FREPAP,,FRENTE POPULAR AGRICOLA FIA DEL PERU | FRENTE POPULAR AGRICOLA FIA DEL PERU FREPAP,FREPAP
08110926,YRMA MARITZA HUAMAN TOVAR,RENOVACION POPULAR PERU,2,1,True,False,,RENOVACION POPULAR PERU → SOLIDARIDAD NACIONAL / RENOVACION POPULAR,ALIANZA ELECTORAL UNIDAD NACIONAL → SOLIDARIDAD NACIONAL / RENOVACION POPULAR,ALIANZA ELECTORAL UNIDAD NACIONAL | RENOVACION POPULAR PERU,SOLIDARIDAD NACIONAL / RENOVACION POPULAR
08118845,VICTORIA VILLANUEVA QUIÑONES,PROGRESEMOS,3,2,True,True,DIALOGO VECINAL,,,DIALOGO VECINAL | PERU POSIBLE | PROGRESEMOS,PERU POSIBLE | PROGRESEMOS
08175382,ANTONIO HARRY COCHA CAMARGO,PARTIDO POLITICO PRIN,2,1,True,False,SOMOS LIMA,,,PARTIDO POLITICO PRIN | SOMOS LIMA,PARTIDO POLITICO PRIN
08180842,EUGENIO HUARI HUAPAYA,PODEMOS PERU,7,4,True,True,L.I. NRO 11 LOS HUARISTAS | LISTA INDEPENDIENTE FRENTE UNICO DE POBLADORES DE LA URB. SN. JOSE N° 3,FRENTE ELECTORAL IZQUIERDA UNIDA → IZQUIERDA UNIDA,,ACUERDO SOCIALISTA DE IZQUIERDA | FRENTE ELECTORAL IZQUIERDA UNIDA | IZQUIERDA UNIDA | L I NRO 11 LOS HUARISTAS | LISTA INDEPENDIENTE FRENTE UNICO DE POBLADORES DE LA URB SN JOSE N 3 | MOVIMIENTO AMPLIO PAIS UNIDO MAPU | PODEMOS PERU,ACUERDO SOCIALISTA DE IZQUIERDA | IZQUIERDA UNIDA | MOVIMIENTO AMPLIO PAIS UNIDO MAPU | PODEMOS PERU
08249365,NANCY ROSALIE VIZURRAGA TORREJON,RENOVACION POPULAR PERU,6,2,True,True,INDEPENDIENTES DE ACCION | MOVIMIENTO INDEPENDIENTE VAMOS VECINO | SOMOS LIMA,RENOVACION POPULAR PERU → SOLIDARIDAD NACIONAL / RENOVACION POPULAR,,CAMBIO 90 / PERU PATRIA SEGURA | INDEPENDIENTES DE ACCION | MOVIMIENTO INDEPENDIENTE VAMOS VECINO | RENOVACION POPULAR PERU | SOLIDARIDAD NACIONAL / RENOVACION POPULAR | SOMOS LIMA,CAMBIO 90 / PERU PATRIA SEGURA | SOLIDARIDAD NACIONAL / RENOVACION POPULAR
08256711,MARCOS KALIKSZTEIN WOLFSDORF,RENOVACION POPULAR PERU,2,1,True,False,,RENOVACION POPULAR PERU → SOLIDARIDAD NACIONAL / RENOVACION POPULAR,,RENOVACION POPULAR PERU | SOLIDARIDAD NACIONAL / RENOVACION POPULAR,SOLIDARIDAD NACIONAL / RENOVACION POPULAR
08261786,CESAR RAFAEL IBARRA NUREÑA,PARTIDO POPULAR CRISTIANO - PPC,6,4,True,True,MOVIMIENTO INDEPENDIENTE VAMOS VECINO,AGRUPACION INDEPENDIENTE SI CUMPLE → CAMBIO 90 / PERU PATRIA SEGURA,ALIANZA ELECTORAL UNIDAD NACIONAL → PPC,AGRUPACION INDEPENDIENTE SI CUMPLE | ALIANZA ELECTORAL UNIDAD NACIONAL | ALIANZA PARA EL PROGRESO | MOVIMIENTO INDEPENDIENTE VAMOS VECINO | PPC | SOMOS PERU,ALIANZA PARA EL PROGRESO | CAMBIO 90 / PERU PATRIA SEGURA | PPC | SOMOS PERU
08271179,TEODORO ALVARADO GALVAN,RENOVACION POPULAR PERU,2,1,True,False,,RENOVACION POPULAR PERU → SOLIDARIDAD NACIONAL / RENOVACION POPULAR,,RENOVACION POPULAR PERU | SOLIDARIDAD NACIONAL / RENOVACION POPULAR,SOLIDARIDAD NACIONAL / RENOVACION POPULAR
08320254,FABIO ANCA UTANI,BATALLA PERU,2,1,True,False,FRENTE INDEPENDIENTE 22 HUAROCHIRI,,,BATALLA PERU | FRENTE INDEPENDIENTE 22 HUAROCHIRI,BATALLA PERU
08386321,EDILBERTO LUCIO QUISPE RODRIGUEZ,PARTIDO POLITICO PRIN,4,2,True,True,AHORA SI SAN JUAN,,ALIANZA ELECTORAL UNIDAD NACIONAL → SOLIDARIDAD NACIONAL / RENOVACION POPULAR,AHORA SI SAN JUAN | ALIANZA ELECTORAL UNIDAD NACIONAL | PARTIDO POLITICO PRIN | SOLIDARIDAD NACIONAL / RENOVACION POPULAR,PARTIDO POLITICO PRIN | SOLIDARIDAD NACIONAL / RENOVACION POPULAR
08397999,MONICA ROSSANA TELLO LOPEZ,RENOVACION POPULAR PERU,3,2,True,True,,RENOVACION POPULAR PERU → SOLIDARIDAD NACIONAL / RENOVACION POPULAR,,RENOVACION POPULAR PERU | RESTAURACION NACIONAL / VICTORIA NACIONAL | SOLIDARIDAD NACIONAL / RENOVACION POPULAR,RESTAURACION NACIONAL / VICTORIA NACIONAL | SOLIDARIDAD NACIONAL / RENOVACION POPULAR
08409211,JUAN CARLOS SANTIAGO LOZANO,PARTIDO POPULAR CRISTIANO - PPC,5,1,True,False,L.I. NRO  7 GESTION POPULAR,PARTIDO POPULAR CRISTIANO PPC UNIDAD NACIONAL → PPC,FREDEMO → PPC | ALIANZA ELECTORAL UNIDAD NACIONAL → PPC,ALIANZA ELECTORAL UNIDAD NACIONAL | FREDEMO | L I NRO 7 GESTION POPULAR | PARTIDO POPULAR CRISTIANO PPC UNIDAD NACIONAL | PPC,PPC
08419544,RICARDO ROBERT PEREZ CASTRO,RENOVACION POPULAR PERU,3,2,True,True,,RENOVACION POPULAR PERU → SOLIDARIDAD NACIONAL / RENOVACION POPULAR,,A LA VIDA DILE SI | RENOVACION POPULAR PERU | SOLIDARIDAD NACIONAL / RENOVACION POPULAR,A LA VIDA DILE SI | SOLIDARIDAD NACIONAL / RENOVACION POPULAR
08423344,MARCIAL DE LA CRUZ SALVATIERRA,PARTIDO DEMOCRATICO SOMOS PERU,3,2,True,True,SAN LUIS RENACE,,,RESTAURACION NACIONAL / VICTORIA NACIONAL | SAN LUIS RENACE | SOMOS PERU,RESTAURACION NACIONAL / VICTORIA NACIONAL | SOMOS PERU
08435442,MANUEL HONORATO ROJAS MENDOZA,PARTIDO DEMOCRATICO SOMOS PERU,7,5,True,True,PROGRESA CON SAN LUIS | SAN LUIS: SOMOS INDEPENDIENTES,,,ALIANZA PARA EL PROGRESO | CAMBIO RADICAL | PARTIDO APRISTA PERUANO | PROGRESA CON SAN LUIS | SAN LUIS SOMOS INDEPENDIENTES | SOMOS PERU | VAMOS PERU,ALIANZA PARA EL PROGRESO | CAMBIO RADICAL | PARTIDO APRISTA PERUANO | SOMOS PERU | VAMOS PERU
08504334,ROSA BAUTISTA NAVARRO,PODEMOS PERU,5,3,True,True,,,ALIANZA ELECTORAL UNIDAD NACIONAL → SOLIDARIDAD NACIONAL / RENOVACION POPULAR | ALIANZA ELECTORAL SOLIDARIDAD NACIONAL - UPP → SOLIDARIDAD NACIONAL / RENOVACION POPULAR,ALIANZA ELECTORAL SOLIDARIDAD NACIONAL UPP | ALIANZA ELECTORAL UNIDAD NACIONAL | PARTIDO APRISTA PERUANO | PODEMOS PERU | SOLIDARIDAD NACIONAL / RENOVACION POPULAR,PARTIDO APRISTA PERUANO | PODEMOS PERU | SOLIDARIDAD NACIONAL / RENOVACION POPULAR
08579312,FELISA QUIÑONES ROBLES,FRENTE POPULAR AGRICOLA FIA DEL PERU,2,1,True,False,,FRENTE POPULAR AGRICOLA FIA DEL PERU FREPAP → FREPAP | FRENTE POPULAR AGRICOLA FIA DEL PERU → FREPAP,,FRENTE POPULAR AGRICOLA FIA DEL PERU | FRENTE POPULAR AGRICOLA FIA DEL PERU FREPAP,FREPAP
08590751,MARLO MARCOS SEGURA CAMACHO,RENOVACION POPULAR PERU,4,2,True,True,,RENOVACION POPULAR PERU → SOLIDARIDAD NACIONAL / RENOVACION POPULAR,"ALIANZA ELECTORAL UNIDAD NACIONAL → PPC, SOLIDARIDAD NACIONAL / RENOVACION POPULAR",ALIANZA ELECTORAL UNIDAD NACIONAL | PPC | RENOVACION POPULAR PERU | SOLIDARIDAD NACIONAL / RENOVACION POPULAR,PPC | SOLIDARIDAD NACIONAL / RENOVACION POPULAR
08612840,YSAAC ALFREDO CORONADO TAPIA,PARTIDO POLITICO PERU PRIMERO,5,4,True,True,,,GANA PERU → PARTIDO NACIONALISTA PERUANO,ACCION POPULAR | GANA PERU | MOVIMIENTO AMPLIO PAIS UNIDO MAPU | PARTIDO NACIONALISTA PERUANO | PARTIDO POLITICO PERU PRIMERO,ACCION POPULAR | MOVIMIENTO AMPLIO PAIS UNIDO MAPU | PARTIDO NACIONALISTA PERUANO | PARTIDO POLITICO PERU PRIMERO
08686088,EDGARD JOSE TORRES YBACETA,FRENTE POPULAR AGRICOLA FIA DEL PERU,2,1,True,False,,FRENTE POPULAR AGRICOLA FIA DEL PERU FREPAP → FREPAP | FRENTE POPULAR AGRICOLA FIA DEL PERU → FREPAP,,FRENTE POPULAR AGRICOLA FIA DEL PERU | FRENTE POPULAR AGRICOLA FIA DEL PERU FREPAP,FREPAP
08704438,SALEH CARLOS SALVADOR HERESI CHICOMA,AVANZA PAIS - PARTIDO DE INTEGRACION SOCIAL,8,7,True,True,MOVIMIENTO VECINAL SAN MIGUEL SI,,,ALIANZA ELECTORAL UNIDAD NACIONAL | AVANZA PAIS | CAMBIO 90 / PERU PATRIA SEGURA | CAMBIO RADICAL | FREDEMO | MOVIMIENTO VECINAL SAN MIGUEL SI | PODEMOS PERU | PPK / CONTIGO,ALIANZA:FREDEMO | ALIANZA:UNIDAD NACIONAL | AVANZA PAIS | CAMBIO 90 / PERU PATRIA SEGURA | CAMBIO RADICAL | PODEMOS PERU | PPK / CONTIGO
08729589,FERNANDO LUIS MARQUEZ CARO,ALIANZA PARA EL PROGRESO,3,1,True,False,"L.I. N° 27 | LISTA INDEPENDIENTE ""FUERZA CHANCHAMAYO""",,,ALIANZA PARA EL PROGRESO | L I N 27 | LISTA INDEPENDIENTE FUERZA CHANCHAMAYO,ALIANZA PARA EL PROGRESO
08756332,JULIA MAGDA RAMOS MEDINA,PARTIDO DEMOCRATICO SOMOS PERU,3,2,True,True,ORGANIZACION POLITICA LOCAL PROVINCIAL DIALOGO VECINAL,,,ORGANIZACION POLITICA LOCAL PROVINCIAL DIALOGO VECINAL | PODEMOS PERU | SOMOS PERU,PODEMOS PERU | SOMOS PERU
08778400,GUILLERMO HUMBERTO VALDIVIESO MENDEZ,RENOVACION POPULAR PERU,4,2,True,True,,RENOVACION POPULAR PERU → SOLIDARIDAD NACIONAL / RENOVACION POPULAR,FRENTE DE CENTRO → SOMOS PERU,FRENTE DE CENTRO | RENOVACION POPULAR PERU | SOLIDARIDAD NACIONAL / RENOVACION POPULAR | SOMOS PERU,SOLIDARIDAD NACIONAL / RENOVACION POPULAR | SOMOS PERU
08778564,JORGE LUIS ORBEGOSO ZAPATA,AVANZA PAIS - PARTIDO DE INTEGRACION SOCIAL,3,2,True,True,,PARTIDO POPULAR CRISTIANO PPC UNIDAD NACIONAL → PPC,,AVANZA PAIS | PARTIDO POPULAR CRISTIANO PPC UNIDAD NACIONAL | PPC,AVANZA PAIS | PPC
08826869,BETTY SONIA ZAMORA TORRES,AVANZA PAIS - PARTIDO DE INTEGRACION SOCIAL,2,1,True,False,MOVIMIENTO INDEPENDIENTE VAMOS VECINO,,,AVANZA PAIS | MOVIMIENTO INDEPENDIENTE VAMOS VECINO,AVANZA PAIS
08851773,MARY DELGADO ROJAS,AVANZA PAIS - PARTIDO DE INTEGRACION SOCIAL,3,2,True,True,"MOVIMIENTO INDEPENDIENTE ""DIALOGO VECINAL""",,,AVANZA PAIS | MOVIMIENTO INDEPENDIENTE DIALOGO VECINAL | RESTAURACION NACIONAL / VICTORIA NACIONAL,AVANZA PAIS | RESTAURACION NACIONAL / VICTORIA NACIONAL
08886048,HERNAN MARINO HUANEY BAZAN,AVANZA PAIS - PARTIDO DE INTEGRACION SOCIAL,4,3,True,True,,,ALIANZA ELECTORAL UNIDAD NACIONAL → SOLIDARIDAD NACIONAL / RENOVACION POPULAR,ALIANZA ELECTORAL UNIDAD NACIONAL | AVANZA PAIS | SOLIDARIDAD NACIONAL / RENOVACION POPULAR | UNION POR EL PERU,AVANZA PAIS | SOLIDARIDAD NACIONAL / RENOVACION POPULAR | UNION POR EL PERU
08887389,SANDRA LIZ GUTIERREZ CUBA,PARTIDO DEMOCRATICO SOMOS PERU,5,3,True,True,MOVIMIENTO INDEPENDIENTE VAMOS VECINO,,ALIANZA ELECTORAL UNIDAD NACIONAL → SOLIDARIDAD NACIONAL / RENOVACION POPULAR | ALIANZA ELECTORAL UNIDAD NACIONAL → SOLIDARIDAD NACIONAL / RENOVACION POPULAR,ALIANZA ELECTORAL UNIDAD NACIONAL | CAMBIO RADICAL | MOVIMIENTO INDEPENDIENTE VAMOS VECINO | SOLIDARIDAD NACIONAL / RENOVACION POPULAR | SOMOS PERU,CAMBIO RADICAL | SOLIDARIDAD NACIONAL / RENOVACION POPULAR | SOMOS PERU
08888712,MARIA ANDREA MELENDEZ BEGAZO,PODEMOS PERU,4,3,True,True,"MOVIMIENTO INDEPENDIENTE ""DIALOGO VECINAL""",,,MOVIMIENTO INDEPENDIENTE DIALOGO VECINAL | PODEMOS PERU | RESTAURACION NACIONAL / VICTORIA NACIONAL | UNION POR EL PERU,PODEMOS PERU | RESTAURACION NACIONAL / VICTORIA NACIONAL | UNION POR EL PERU
08907237,MABEL CLAIRE ALCALA MATA,FUERZA POPULAR,2,1,True,False,MOVIMIENTO INDEPENDIENTE VAMOS VECINO,,,FUERZA POPULAR | MOVIMIENTO INDEPENDIENTE VAMOS VECINO,FUERZA POPULAR
08932350,SARA RUTH GARCIA RAMIREZ,ALIANZA PARA EL PROGRESO,2,1,True,False,MOVIMIENTO INDEPENDIENTE NUEVA SOCIEDAD,,,ALIANZA PARA EL PROGRESO | MOVIMIENTO INDEPENDIENTE NUEVA SOCIEDAD,ALIANZA PARA EL PROGRESO
08959079,OSCAR MARTIN ZUÑIGA CANO,RENOVACION POPULAR PERU,5,4,True,True,,RENOVACION POPULAR PERU → SOLIDARIDAD NACIONAL / RENOVACION POPULAR,ALIANZA ELECTORAL UNIDAD NACIONAL → SOLIDARIDAD NACIONAL / RENOVACION POPULAR,ALIANZA ELECTORAL UNIDAD NACIONAL | HUMANISTA / JUNTOS POR EL PERU | PERU POSIBLE | RENOVACION POPULAR PERU | RESTAURACION NACIONAL / VICTORIA NACIONAL,HUMANISTA / JUNTOS POR EL PERU | PERU POSIBLE | RESTAURACION NACIONAL / VICTORIA NACIONAL | SOLIDARIDAD NACIONAL / RENOVACION POPULAR
08963680,CARLOS WALTER MEJIA ESCAJADILLO,FUERZA POPULAR,6,4,True,True,MOVIMIENTO INDEPENDIENTE VAMOS VECINO,AGRUPACION INDEPENDIENTE SI CUMPLE → CAMBIO 90 / PERU PATRIA SEGURA,,AGRUPACION INDEPENDIENTE SI CUMPLE | ALIANZA ELECTORAL VAMOS VECINO | CAMBIO 90 / PERU PATRIA SEGURA | CAMBIO RADICAL | FUERZA POPULAR | MOVIMIENTO INDEPENDIENTE VAMOS VECINO,ALIANZA:VAMOS VECINO | CAMBIO 90 / PERU PATRIA SEGURA | CAMBIO RADICAL | FUERZA POPULAR
09009501,EDGARD FREDDY PAUCAR CALERO,PERU MODERNO,3,2,True,True,,,GANA PERU → PARTIDO NACIONALISTA PERUANO,GANA PERU | PARTIDO NACIONALISTA PERUANO | PERU MODERNO,PARTIDO NACIONALISTA PERUANO | PERU MODERNO
09014349,OSCAR ALEX DOLORIER MORI,RENOVACION POPULAR PERU,6,5,True,True,UNION SANTA ROSA,RENOVACION POPULAR PERU → SOLIDARIDAD NACIONAL / RENOVACION POPULAR,,AVANZA PAIS | CAMBIO RADICAL | DEMOCRACIA DIRECTA | FUERZA POPULAR | RENOVACION POPULAR PERU | UNION SANTA ROSA,AVANZA PAIS | CAMBIO RADICAL | DEMOCRACIA DIRECTA | FUERZA POPULAR | SOLIDARIDAD NACIONAL / RENOVACION POPULAR
09166741,NORI CRISTINA PAZ ARRASCUE,ACCION POPULAR,4,2,True,True,DEMOCRACIA CON VALORES | VALORES PERU,PARTIDO POPULAR CRISTIANO PPC UNIDAD NACIONAL → PPC,,ACCION POPULAR | DEMOCRACIA CON VALORES | PARTIDO POPULAR CRISTIANO PPC UNIDAD NACIONAL | VALORES PERU,ACCION POPULAR | PPC
09177250,RICARDO PABLO BELMONT CASSINELLI,PARTIDO CIVICO OBRAS,8,7,True,True,L.I.N° 3 OBRAS,,,FIM / FRENTE DE LA ESPERANZA | FRENTE DE CENTRO | L I N 3 OBRAS | MOVIMIENTO CIVICO NACIONAL OBRAS | MOVIMIENTO OBRAS | PARTIDO CIVICO OBRAS | PERU LIBRE | UNION POR EL PERU,ALIANZA:FRENTE DE CENTRO | FIM / FRENTE DE LA ESPERANZA | MOVIMIENTO CIVICO NACIONAL OBRAS | OBRAS | PARTIDO CIVICO OBRAS | PERU LIBRE | UNION POR EL PERU
09189317,DOMINGO RAUL CORDOVA LUIS,VISION PERU,5,4,True,True,SAN LUIS RENACE,,,ACCION POPULAR | ALIANZA PARA EL PROGRESO | PARTIDO APRISTA PERUANO | SAN LUIS RENACE | VISION PERU,ACCION POPULAR | ALIANZA PARA EL PROGRESO | PARTIDO APRISTA PERUANO | VISION PERU
09219521,PABLO ALBERTO ZORRILLA DIAZ,VISION PERU,4,3,True,True,SOMOS LIMA,,,SOMOS LIMA | SOMOS PERU | UNION POR EL PERU | VISION PERU,SOMOS PERU | UNION POR EL PERU | VISION PERU
09221816,EMILIO ALBERTO CHAVEZ HUARINGA,PODEMOS PERU,4,3,True,True,RENOVACION Y PROGRESO,,,MOVIMIENTO AMPLIO PAIS UNIDO MAPU | PODEMOS PERU | PPC | RENOVACION Y PROGRESO,MOVIMIENTO AMPLIO PAIS UNIDO MAPU | PODEMOS PERU | PPC
09249785,CESAR GUIDO QUINTANA,ALIANZA PARA EL PROGRESO,5,3,True,True,DIALOGO VECINAL,,FREDEMO → ACCION POPULAR,ACCION POPULAR | ALIANZA PARA EL PROGRESO | DIALOGO VECINAL | FREDEMO | SOMOS PERU,ACCION POPULAR | ALIANZA PARA EL PROGRESO | SOMOS PERU
09286866,RAFAEL HERNAN CUMPEN BONIFAZ,PARTIDO DEMOCRATICO SOMOS PERU,4,3,True,True,MOVIMIENTO INDEPENDIENTE POLITICO VILLA CAMBIA,,,ALIANZA PARA EL PROGRESO | CAMBIO 90 / PERU PATRIA SEGURA | MOVIMIENTO INDEPENDIENTE POLITICO VILLA CAMBIA | SOMOS PERU,ALIANZA PARA EL PROGRESO | CAMBIO 90 / PERU PATRIA SEGURA | SOMOS PERU
09287828,GENARO SOTO MENDOZA,AHORA NACION - AN,6,5,True,True,,PARTIDO POPULAR CRISTIANO PPC UNIDAD NACIONAL → PPC,ALIANZA ELECTORAL UNIDAD NACIONAL → PPC,AHORA NACION AN | ALIANZA ELECTORAL UNIDAD NACIONAL | IZQUIERDA UNIDA | PARTIDO POPULAR CRISTIANO PPC UNIDAD NACIONAL | PLATAFORMA DEMOCRATICA | RESTAURACION NACIONAL / VICTORIA NACIONAL,AHORA NACION AN | IZQUIERDA UNIDA | PLATAFORMA DEMOCRATICA | PPC | RESTAURACION NACIONAL / VICTORIA NACIONAL
09297317,FRANCISCO MARTIN LASTRES FERRUCCI,PARTIDO POPULAR CRISTIANO - PPC,5,1,True,False,"ANGELES DE SAN BORJA | MOVIMIENTO INDEPENDIENTE ""DIALOGO VECINAL"" | MOVIMIENTO INDEPENDIENTE VAMOS VECINO | ORGANIZACION POLITICA LOCAL PROVINCIAL DIALOGO VECINAL",,,ANGELES DE SAN BORJA | MOVIMIENTO INDEPENDIENTE DIALOGO VECINAL | MOVIMIENTO INDEPENDIENTE VAMOS VECINO | ORGANIZACION POLITICA LOCAL PROVINCIAL DIALOGO VECINAL | PPC,PPC
09308542,GERMAN ANSELMO CHIRINOS QUISPE,PARTIDO POLITICO PERU PRIMERO,6,3,True,True,CONSTRUYENDO SAN LUIS | MOVIMIENTO UNIDOS POR SAN LUIS | SAN LUIS RENACE,,,CONSTRUYENDO SAN LUIS | MOVIMIENTO UNIDOS POR SAN LUIS | PARTIDO POLITICO PERU PRIMERO | RESTAURACION NACIONAL / VICTORIA NACIONAL | SAN LUIS RENACE | UNION POR EL PERU,PARTIDO POLITICO PERU PRIMERO | RESTAURACION NACIONAL / VICTORIA NACIONAL | UNION POR EL PERU
09312363,SOLEDAD MELCHORA JULIAN PALOMINO,RENOVACION POPULAR PERU,2,1,True,False,,RENOVACION POPULAR PERU → SOLIDARIDAD NACIONAL / RENOVACION POPULAR,,RENOVACION POPULAR PERU | SOLIDARIDAD NACIONAL / RENOVACION POPULAR,SOLIDARIDAD NACIONAL / RENOVACION POPULAR
09312696,CESAR ROBERTO MENDOZA VALENCIA,PARTIDO POPULAR CRISTIANO - PPC,3,2,True,True,SAN LUIS AVANZA,,,AVANZA PAIS | PPC | SAN LUIS AVANZA,AVANZA PAIS | PPC
09321868,MOISES ZENON ALEJOS HINOSTROZA,ALIANZA ELECTORAL VENCEREMOS,2,1,True,False,DIALOGO VECINAL,,,ALIANZA ELECTORAL VENCEREMOS | DIALOGO VECINAL,ALIANZA:ALIANZA ELECTORAL VENCEREMOS
09344393,ROGER ALBERTO CHAPIAMA DIAZ,AVANZA PAIS - PARTIDO DE INTEGRACION SOCIAL,3,2,True,True,,,ALIANZA ELECTORAL UNIDAD NACIONAL → PPC,ALIANZA ELECTORAL UNIDAD NACIONAL | AVANZA PAIS | PPC,AVANZA PAIS | PPC
09354828,ROBERTO CARLOS PIZARRO LOPEZ,RENOVACION POPULAR PERU,5,3,True,True,,RENOVACION POPULAR PERU → SOLIDARIDAD NACIONAL / RENOVACION POPULAR,"ALIANZA ELECTORAL UNIDAD NACIONAL → PPC, SOLIDARIDAD NACIONAL / RENOVACION POPULAR",ALIANZA ELECTORAL UNIDAD NACIONAL | PODEMOS PERU | PPC | RENOVACION POPULAR PERU | SOLIDARIDAD NACIONAL / RENOVACION POPULAR,PODEMOS PERU | PPC | SOLIDARIDAD NACIONAL / RENOVACION POPULAR
09383442,JORGE LUIS QUINTANA GARCIA GODOS,ACCION POPULAR,2,1,True,False,,,FRENTE DE CENTRO → ACCION POPULAR,ACCION POPULAR | FRENTE DE CENTRO,ACCION POPULAR
09387498,MARIA DEL ROSARIO PAYET BEDOYA,RENOVACION POPULAR PERU,4,2,True,True,,PARTIDO POPULAR CRISTIANO PPC UNIDAD NACIONAL → PPC | RENOVACION POPULAR PERU → SOLIDARIDAD NACIONAL / RENOVACION POPULAR,,PARTIDO POPULAR CRISTIANO PPC UNIDAD NACIONAL | PPC | RENOVACION POPULAR PERU | SOLIDARIDAD NACIONAL / RENOVACION POPULAR,PPC | SOLIDARIDAD NACIONAL / RENOVACION POPULAR
09401945,MERLY DEL PILAR FERNANDEZ QUISPE,RENOVACION POPULAR PERU,2,1,True,False,,RENOVACION POPULAR PERU → SOLIDARIDAD NACIONAL / RENOVACION POPULAR,,RENOVACION POPULAR PERU | SOLIDARIDAD NACIONAL / RENOVACION POPULAR,SOLIDARIDAD NACIONAL / RENOVACION POPULAR
09431194,RICARDO ENRIQUE GIESECKE SARA LAFOSSE,AHORA NACION - AN,2,1,True,False,SOMOS LIMA,,,AHORA NACION AN | SOMOS LIMA,AHORA NACION AN
09451008,PATRICIA YSABEL MEJIA HIDALGO,RENOVACION POPULAR PERU,2,1,True,False,,RENOVACION POPULAR PERU → SOLIDARIDAD NACIONAL / RENOVACION POPULAR,,RENOVACION POPULAR PERU | SOLIDARIDAD NACIONAL / RENOVACION POPULAR,SOLIDARIDAD NACIONAL / RENOVACION POPULAR
09460503,OMAR DAVID MONTORO CASTRO,AVANZA PAIS - PARTIDO DE INTEGRACION SOCIAL,4,2,True,True,,PARTIDO POPULAR CRISTIANO PPC UNIDAD NACIONAL → PPC,ALIANZA ELECTORAL UNIDAD NACIONAL → PPC,ALIANZA ELECTORAL UNIDAD NACIONAL | AVANZA PAIS | PARTIDO POPULAR CRISTIANO PPC UNIDAD NACIONAL | PPC,AVANZA PAIS | PPC
09468215,SANDRO AURELIO BALVIN SAENZ,PARTIDO FRENTE DE LA ESPERANZA 2021,3,2,True,True,MAS SAN MARTIN,,,FIM / FRENTE DE LA ESPERANZA | FRENTE ESPERANZA | MAS SAN MARTIN,FIM / FRENTE DE LA ESPERANZA | FRENTE ESPERANZA
09469619,FABIOLA LUCERO SILVA MONTERO,PARTIDO FRENTE DE LA ESPERANZA 2021,5,4,True,True,SOMOS LIMA,,,FIM / FRENTE DE LA ESPERANZA | RESTAURACION NACIONAL / VICTORIA NACIONAL | SOLIDARIDAD NACIONAL / RENOVACION POPULAR | SOMOS LIMA | SOMOS PERU,FIM / FRENTE DE LA ESPERANZA | RESTAURACION NACIONAL / VICTORIA NACIONAL | SOLIDARIDAD NACIONAL / RENOVACION POPULAR | SOMOS PERU
09487537,SANDRA JANET MEZA TORRES,ALIANZA PARA EL PROGRESO,2,1,True,False,UNIDAD DISTRITAL CHORRILLANA,,,ALIANZA PARA EL PROGRESO | UNIDAD DISTRITAL CHORRILLANA,ALIANZA PARA EL PROGRESO
09489571,EDGARDO RENAN DE POMAR VIZCARRA,PARTIDO POPULAR CRISTIANO - PPC,6,2,True,True,,PARTIDO POPULAR CRISTIANO PPC UNIDAD NACIONAL → PPC,FREDEMO → PPC | UNIDAD NACIONAL → PPC | ALIANZA POPULAR → PPC,ALIANZA POPULAR | FREDEMO | PARTIDO POPULAR CRISTIANO PPC UNIDAD NACIONAL | PODEMOS PERU | PPC | UNIDAD NACIONAL,PODEMOS PERU | PPC
09492980,LUIS ANTONIO REVELLO RINCON,PARTIDO UNIDAD Y PAZ,2,1,True,False,UNIDOS SALVEMOS BREÑA,,,PARTIDO UNIDAD Y PAZ | UNIDOS SALVEMOS BRENA,PARTIDO UNIDAD Y PAZ
09494125,MOISES MELITON HILARIO GUTIERREZ,FRENTE POPULAR AGRICOLA FIA DEL PERU,2,1,True,False,,FRENTE POPULAR AGRICOLA FIA DEL PERU FREPAP → FREPAP | FRENTE POPULAR AGRICOLA FIA DEL PERU → FREPAP,,FRENTE POPULAR AGRICOLA FIA DEL PERU | FRENTE POPULAR AGRICOLA FIA DEL PERU FREPAP,FREPAP
09496698,RAFAEL JULIO ANTONIO OCAÑA MELGAREJO,PODEMOS PERU,5,2,True,True,,PARTIDO POPULAR CRISTIANO PPC UNIDAD NACIONAL → PPC,ALIANZA ELECTORAL UNIDAD NACIONAL → PPC | ALIANZA POPULAR → PPC,ALIANZA ELECTORAL UNIDAD NACIONAL | ALIANZA POPULAR | PARTIDO POPULAR CRISTIANO PPC UNIDAD NACIONAL | PODEMOS PERU | PPC,PODEMOS PERU | PPC
09513902,JULIO CESAR PALOMINO PEÑA,PARTIDO POPULAR CRISTIANO - PPC,5,1,True,False,AVANZA VECINO | MOVIMIENTO INDEPENDIENTE VAMOS VECINO | SOMOS LIMA,,ALIANZA ELECTORAL UNIDAD NACIONAL → PPC,ALIANZA ELECTORAL UNIDAD NACIONAL | AVANZA VECINO | MOVIMIENTO INDEPENDIENTE VAMOS VECINO | PPC | SOMOS LIMA,PPC
09520877,ANGEL DEMETRIO INTOR VEGA,PARTIDO MORADO,3,2,True,True,MOVIMIENTO INDEPENDIENTE SOMOS NUEVA GENERACION,,,CAMBIO 90 / PERU PATRIA SEGURA | MOVIMIENTO INDEPENDIENTE SOMOS NUEVA GENERACION | PARTIDO MORADO,CAMBIO 90 / PERU PATRIA SEGURA | PARTIDO MORADO
09523440,MADELEYNE JACQUELINE CARRANZA CAPRISTAN,PARTIDO DEMOCRATICO SOMOS PERU,2,1,True,False,SAN BARTOLO SOLIDARIO,,,SAN BARTOLO SOLIDARIO | SOMOS PERU,SOMOS PERU
09524526,ROSA ELVA TORREJON ARAGON,RENOVACION POPULAR PERU,3,2,True,True,,RENOVACION POPULAR PERU → SOLIDARIDAD NACIONAL / RENOVACION POPULAR,,RENOVACION POPULAR PERU | RESTAURACION NACIONAL / VICTORIA NACIONAL | SOLIDARIDAD NACIONAL / RENOVACION POPULAR,RESTAURACION NACIONAL / VICTORIA NACIONAL | SOLIDARIDAD NACIONAL / RENOVACION POPULAR
09526404,JUAN JOSE CUYA ESPINOZA,PARTIDO DEMOCRATICO SOMOS PERU,4,2,True,True,FORJANDO PUCUSANA | MOVIMIENTO INDEPENDIENTE PUCUSANA FUERZA Y DESARROLLO,,,ALIANZA ELECTORAL UNIDAD NACIONAL | FORJANDO PUCUSANA | MOVIMIENTO INDEPENDIENTE PUCUSANA FUERZA Y DESARROLLO | SOMOS PERU,ALIANZA:UNIDAD NACIONAL | SOMOS PERU
09526669,ROBER SILVA LUNA,PARTIDO DEMOCRATICO SOMOS PERU,2,1,True,False,FORJANDO PUCUSANA,,,FORJANDO PUCUSANA | SOMOS PERU,SOMOS PERU
09526850,JHONNY EDGARDO CALAGUA HUAMBACHANO,AVANZA PAIS - PARTIDO DE INTEGRACION SOCIAL,7,5,True,True,,AGRUPACION INDEPENDIENTE UNION POR EL PERU FRENTE AMPLIO → UNION POR EL PERU | PARTIDO POPULAR CRISTIANO PPC UNIDAD NACIONAL → PPC,ALIANZA ELECTORAL UNIDAD NACIONAL → PPC,AGRUPACION INDEPENDIENTE UNION POR EL PERU FRENTE AMPLIO | ALIANZA ELECTORAL UNIDAD NACIONAL | AVANZA PAIS | FUERZA POPULAR | PARTIDO APRISTA PERUANO | PARTIDO POPULAR CRISTIANO PPC UNIDAD NACIONAL | PPC,AVANZA PAIS | FUERZA POPULAR | PARTIDO APRISTA PERUANO | PPC | UNION POR EL PERU
09526887,LUISA NOEMI ZEVALLOS CORNEJO,AVANZA PAIS - PARTIDO DE INTEGRACION SOCIAL,5,4,True,True,NUEVO PUCUSANA,,,ALIANZA PARA EL PROGRESO | AVANZA PAIS | NUEVO PUCUSANA | PERU LIBRE | SOMOS PERU,ALIANZA PARA EL PROGRESO | AVANZA PAIS | PERU LIBRE | SOMOS PERU
09536207,MARIO ANDRES GALLEGOS GUTIERREZ,RENOVACION POPULAR PERU,2,1,True,False,,RENOVACION POPULAR PERU → SOLIDARIDAD NACIONAL / RENOVACION POPULAR,,RENOVACION POPULAR PERU | SOLIDARIDAD NACIONAL / RENOVACION POPULAR,SOLIDARIDAD NACIONAL / RENOVACION POPULAR
09574685,HERROL EDWIN AMANQUI SANCHEZ,RENOVACION POPULAR PERU,4,2,True,True,MOVIMIENTO INDEPENDIENTE VAMOS VECINO,RENOVACION POPULAR PERU → SOLIDARIDAD NACIONAL / RENOVACION POPULAR,ALIANZA ELECTORAL UNIDAD NACIONAL → SOLIDARIDAD NACIONAL / RENOVACION POPULAR | ALIANZA ELECTORAL UNIDAD NACIONAL → SOLIDARIDAD NACIONAL / RENOVACION POPULAR,ALIANZA ELECTORAL UNIDAD NACIONAL | MOVIMIENTO INDEPENDIENTE VAMOS VECINO | RENOVACION POPULAR PERU | RESTAURACION NACIONAL / VICTORIA NACIONAL,RESTAURACION NACIONAL / VICTORIA NACIONAL | SOLIDARIDAD NACIONAL / RENOVACION POPULAR
09579962,MARTIN HAROLD HERNANDEZ DONAYRE,FUERZA POPULAR,3,2,True,True,MOVIMIENTO INDEPENDIENTE NUEVA SOCIEDAD,,,AVANZA PAIS | FUERZA POPULAR | MOVIMIENTO INDEPENDIENTE NUEVA SOCIEDAD,AVANZA PAIS | FUERZA POPULAR
09595356,ALEX NIEL SEGOVIA SEGOVIA,RENOVACION POPULAR PERU,3,1,True,False,FUERTES EN SAN LUIS,RENOVACION POPULAR PERU → SOLIDARIDAD NACIONAL / RENOVACION POPULAR,,FUERTES EN SAN LUIS | RENOVACION POPULAR PERU | SOLIDARIDAD NACIONAL / RENOVACION POPULAR,SOLIDARIDAD NACIONAL / RENOVACION POPULAR
09599892,RONALD EULOGIO FUERTES VEGA,PODEMOS PERU,5,4,True,True,FUERTES EN SAN LUIS,,,ACCION POPULAR | ALIANZA PARA EL PROGRESO | FUERTES EN SAN LUIS | PODEMOS PERU | SOMOS PERU,ACCION POPULAR | ALIANZA PARA EL PROGRESO | PODEMOS PERU | SOMOS PERU
09635662,KARIN NOEMI GARCIA JUAREZ,AVANZA PAIS - PARTIDO DE INTEGRACION SOCIAL,3,2,True,True,,PARTIDO POPULAR CRISTIANO PPC UNIDAD NACIONAL → PPC,,AVANZA PAIS | PARTIDO POPULAR CRISTIANO PPC UNIDAD NACIONAL | PPC,AVANZA PAIS | PPC
09675520,JHONEL JORGE LEGUIA JAMIS,PARTIDO DEMOCRATICO SOMOS PERU,6,5,True,True,,,ALIANZA ELECTORAL UNIDAD NACIONAL → SOLIDARIDAD NACIONAL / RENOVACION POPULAR,ALIANZA ELECTORAL UNIDAD NACIONAL | ALIANZA PARA EL PROGRESO | CAMBIO RADICAL | RESTAURACION NACIONAL / VICTORIA NACIONAL | SOLIDARIDAD NACIONAL / RENOVACION POPULAR | SOMOS PERU,ALIANZA PARA EL PROGRESO | CAMBIO RADICAL | RESTAURACION NACIONAL / VICTORIA NACIONAL | SOLIDARIDAD NACIONAL / RENOVACION POPULAR | SOMOS PERU
09699382,LEYLA EDITH MEJIA LOAYZA,PARTIDO DEMOCRATICO SOMOS PERU,4,3,True,True,MOVIMIENTO INDEPENDIENTE POLITICO VILLA CAMBIA,,,ALIANZA PARA EL PROGRESO | CAMBIO 90 / PERU PATRIA SEGURA | MOVIMIENTO INDEPENDIENTE POLITICO VILLA CAMBIA | SOMOS PERU,ALIANZA PARA EL PROGRESO | CAMBIO 90 / PERU PATRIA SEGURA | SOMOS PERU
09699695,MOISES JOSE HUAMAN GALVEZ,FRENTE POPULAR AGRICOLA FIA DEL PERU,2,1,True,False,,FRENTE POPULAR AGRICOLA FIA DEL PERU FREPAP → FREPAP | FRENTE POPULAR AGRICOLA FIA DEL PERU → FREPAP,,FRENTE POPULAR AGRICOLA FIA DEL PERU | FRENTE POPULAR AGRICOLA FIA DEL PERU FREPAP,FREPAP
09706233,EVA SILVIA APAZA EUSTAQUIO,FUERZA POPULAR,2,1,True,False,"MOVIMIENTO INDEPENDIENTE ""DIALOGO VECINAL""",,,FUERZA POPULAR | MOVIMIENTO INDEPENDIENTE DIALOGO VECINAL,FUERZA POPULAR
09708262,JORGE LUIS ALIAGA GUERRERO,RENOVACION POPULAR PERU,2,1,True,False,,RENOVACION POPULAR PERU → SOLIDARIDAD NACIONAL / RENOVACION POPULAR,,RENOVACION POPULAR PERU | SOLIDARIDAD NACIONAL / RENOVACION POPULAR,SOLIDARIDAD NACIONAL / RENOVACION POPULAR
09806304,JORGE ALBERTO LOVON SANCHEZ,PARTIDO PATRIOTICO DEL PERU,4,2,True,True,L.I N° 11 FRENTE INDEPENDIENTE DEMOCRATICO | L.I.N° 7 FRENTE INDEPENDIENTE DEMOCRATICO,,,FRENTE INDEPENDIENTE DEMOCRATICO | L I N 11 FRENTE INDEPENDIENTE DEMOCRATICO | L I N 7 FRENTE INDEPENDIENTE DEMOCRATICO | PARTIDO PATRIOTICO DEL PERU,FRENTE INDEPENDIENTE DEMOCRATICO | PARTIDO PATRIOTICO DEL PERU
09822619,AUGUSTO MIYASHIRO YAMASHIRO,PARTIDO UNIDAD Y PAZ,5,3,True,True,MAS OBRAS Y DESARROLLO SOCIAL | MOVIMIENTO INDEPENDIENTE VAMOS VECINO,,,CAMBIO 90 / PERU PATRIA SEGURA | MAS OBRAS Y DESARROLLO SOCIAL | MOVIMIENTO INDEPENDIENTE VAMOS VECINO | PARTIDO UNIDAD Y PAZ | SOMOS PERU,CAMBIO 90 / PERU PATRIA SEGURA | PARTIDO UNIDAD Y PAZ | SOMOS PERU
09847661,CESAR RICARDO NOA CASAS,PARTIDO FRENTE DE LA ESPERANZA 2021,5,4,True,True,,AGRUPACION INDEPENDIENTE SI CUMPLE → CAMBIO 90 / PERU PATRIA SEGURA,,AGRUPACION INDEPENDIENTE SI CUMPLE | CAMBIO 90 / PERU PATRIA SEGURA | FIM / FRENTE DE LA ESPERANZA | PPC | SOMOS PERU,CAMBIO 90 / PERU PATRIA SEGURA | FIM / FRENTE DE LA ESPERANZA | PPC | SOMOS PERU
09849970,ANGELINA ROSA ALVAREZ ZAMALLOA,PARTIDO CIVICO OBRAS,3,2,True,True,DIALOGO VECINAL,,,DIALOGO VECINAL | PARTIDO CIVICO OBRAS | SOMOS PERU,PARTIDO CIVICO OBRAS | SOMOS PERU
09853813,EVA AMELIA ROCA RODRIGUEZ,AVANZA PAIS - PARTIDO DE INTEGRACION SOCIAL,4,2,True,True,DIALOGO VECINAL | SAN MIGUEL ME GUSTA,,,AVANZA PAIS | DIALOGO VECINAL | HUMANISTA / JUNTOS POR EL PERU | SAN MIGUEL ME GUSTA,AVANZA PAIS | HUMANISTA / JUNTOS POR EL PERU
09884284,ADOLFO ISRAEL MATTOS PIAGGIO,AVANZA PAIS - PARTIDO DE INTEGRACION SOCIAL,5,4,True,True,,,ALIANZA ELECTORAL UNIDAD NACIONAL → SOLIDARIDAD NACIONAL / RENOVACION POPULAR,ALIANZA ELECTORAL UNIDAD NACIONAL | AVANZA PAIS | CAMBIO RADICAL | SIEMPRE UNIDOS / RUNA | SOLIDARIDAD NACIONAL / RENOVACION POPULAR,AVANZA PAIS | CAMBIO RADICAL | SIEMPRE UNIDOS / RUNA | SOLIDARIDAD NACIONAL / RENOVACION POPULAR
09934006,CRESENCIO GONZALES CCAPCHA,PARTIDO POPULAR CRISTIANO - PPC,3,2,True,True,,PARTIDO POPULAR CRISTIANO PPC UNIDAD NACIONAL → PPC,,PARTIDO POPULAR CRISTIANO PPC UNIDAD NACIONAL | PPC | SOMOS PERU,PPC | SOMOS PERU
09946167,JAVIER ERNESTO ALTAMIRANO COQUIS,AVANZA PAIS - PARTIDO DE INTEGRACION SOCIAL,3,2,True,True,,PARTIDO POPULAR CRISTIANO PPC UNIDAD NACIONAL → PPC,,AVANZA PAIS | PARTIDO POPULAR CRISTIANO PPC UNIDAD NACIONAL | PPC,AVANZA PAIS | PPC
10002303,JOSE ANTONIO NAVARRO MEREA,PARTIDO SICREO,3,2,True,True,L.I. NRO  7 FRENTE RENOVADOR INDEPENDIENTE DE SAN BORJA,,,L I NRO 7 FRENTE RENOVADOR INDEPENDIENTE DE SAN BORJA | PARTIDO SICREO | SOMOS PERU,PARTIDO SICREO | SOMOS PERU
10004044,JUAN CARLOS VALENCIA NOA,FRENTE POPULAR AGRICOLA FIA DEL PERU,2,1,True,False,,FRENTE POPULAR AGRICOLA FIA DEL PERU FREPAP → FREPAP | FRENTE POPULAR AGRICOLA FIA DEL PERU → FREPAP,,FRENTE POPULAR AGRICOLA FIA DEL PERU | FRENTE POPULAR AGRICOLA FIA DEL PERU FREPAP,FREPAP
10007617,FLOR DE MARIA HURTADO VALDEZ,PARTIDO DEMOCRATA VERDE,9,8,True,True,"MOVIMIENTO INDEPENDIENTE ECOLOGICO ""ARRIBA LORETO""",,,ALIANZA PARA EL PROGRESO | CAMBIO 90 / PERU PATRIA SEGURA | CAMBIO RADICAL | DEMOCRACIA DIRECTA | MOVIMIENTO INDEPENDIENTE ECOLOGICO ARRIBA LORETO | MOVIMIENTO REGIONAL VOZ VERDE | PARTIDO DEMOCRATA VERDE | PODEMOS PERU | SIEMPRE UNIDOS / RUNA,ALIANZA PARA EL PROGRESO | CAMBIO 90 / PERU PATRIA SEGURA | CAMBIO RADICAL | DEMOCRACIA DIRECTA | MOVIMIENTO REGIONAL VOZ VERDE | PARTIDO DEMOCRATA VERDE | PODEMOS PERU | SIEMPRE UNIDOS / RUNA
10076196,WILBERTH TITO BASURTO FELIZ,FUERZA POPULAR,4,3,True,True,"MOVIMIENTO INDEPENDIENTE ""DIALOGO VECINAL""",,,ALIANZA PARA EL PROGRESO | CAMBIO 90 / PERU PATRIA SEGURA | FUERZA POPULAR | MOVIMIENTO INDEPENDIENTE DIALOGO VECINAL,ALIANZA PARA EL PROGRESO | CAMBIO 90 / PERU PATRIA SEGURA | FUERZA POPULAR
10088755,MARCELINO HUAMAN CANO,ALIANZA PARA EL PROGRESO,8,7,True,True,,,"FRENTE DE CENTRO → ACCION POPULAR, SOMOS PERU",ACCION POPULAR | ALIANZA ELECTORAL UNIDAD NACIONAL | ALIANZA PARA EL PROGRESO | CAMBIO 90 / PERU PATRIA SEGURA | FRENTE DE CENTRO | PODEMOS PERU | RESTAURACION NACIONAL / VICTORIA NACIONAL | SOMOS PERU,ACCION POPULAR | ALIANZA PARA EL PROGRESO | ALIANZA:UNIDAD NACIONAL | CAMBIO 90 / PERU PATRIA SEGURA | PODEMOS PERU | RESTAURACION NACIONAL / VICTORIA NACIONAL | SOMOS PERU
10095228,ELAR JESUS BUSTAMANTE MONTOYA,FUERZA POPULAR,2,1,True,False,"MOVIMIENTO INDEPENDIENTE ""DIALOGO VECINAL""",,,FUERZA POPULAR | MOVIMIENTO INDEPENDIENTE DIALOGO VECINAL,FUERZA POPULAR
10141896,JOSE FERNANDO MENDOZA RAMIREZ,PARTIDO POPULAR CRISTIANO - PPC,4,2,True,True,"MOVIMIENTO INDEPENDIENTE ""DIALOGO VECINAL""",,FREDEMO → PPC,ALIANZA PARA EL PROGRESO | FREDEMO | MOVIMIENTO INDEPENDIENTE DIALOGO VECINAL | PPC,ALIANZA PARA EL PROGRESO | PPC
10162751,LUIS MIGUEL PILCO VICHARRA,PARTIDO POPULAR CRISTIANO - PPC,2,1,True,False,LISTA INDEPENDIENTE RAICES DE INDEPENDENCIA,,,LISTA INDEPENDIENTE RAICES DE INDEPENDENCIA | PPC,PPC
10173909,LUIS FERNANDO BUENO QUINO,PARTIDO DEMOCRATICO SOMOS PERU,7,4,True,True,LUCHO POR MI BARRIO,,FREDEMO → ACCION POPULAR | ALIANZA ELECTORAL UNIDAD NACIONAL → SOLIDARIDAD NACIONAL / RENOVACION POPULAR,ACCION POPULAR | ALIANZA ELECTORAL UNIDAD NACIONAL | CAMBIO RADICAL | FREDEMO | LUCHO POR MI BARRIO | SOLIDARIDAD NACIONAL / RENOVACION POPULAR | SOMOS PERU,ACCION POPULAR | CAMBIO RADICAL | SOLIDARIDAD NACIONAL / RENOVACION POPULAR | SOMOS PERU
10177406,MARIELLA PAOLA BIANCHI SALAZAR,PARTIDO POPULAR CRISTIANO - PPC,2,1,True,False,,,ALIANZA ELECTORAL UNIDAD NACIONAL → PPC,ALIANZA ELECTORAL UNIDAD NACIONAL | PPC,PPC
10186112,ORMINDA CANDELA CASAS,FUERZA POPULAR,3,2,True,True,SOMOS LIMA,,,FUERZA POPULAR | SOMOS LIMA | SOMOS PERU,FUERZA POPULAR | SOMOS PERU
10226162,ELISA MARIBEL SOLIS CORPANCHO,LIBERTAD POPULAR,2,1,True,False,L.I. NRO  9 MOVIMIENTO POR EL CAMBIO DE LURIN,,,L I NRO 9 MOVIMIENTO POR EL CAMBIO DE LURIN | LIBERTAD POPULAR,LIBERTAD POPULAR
10226586,MARITA JUTTA CHARLOTTE HABEDANK ROMBERG,AHORA NACION - AN,4,2,True,True,MOVIMIENTO INDEPENDIENTE VAMOS VECINO,,ALIANZA ELECTORAL UNIDAD NACIONAL → PPC,AHORA NACION AN | ALIANZA ELECTORAL UNIDAD NACIONAL | MOVIMIENTO INDEPENDIENTE VAMOS VECINO | PPC,AHORA NACION AN | PPC
10248864,EDGAR ORONCOY ASTO,PODEMOS PERU,5,4,True,True,,AGRUPACION INDEPENDIENTE UNION POR EL PERU FRENTE AMPLIO → UNION POR EL PERU,,AGRUPACION INDEPENDIENTE UNION POR EL PERU FRENTE AMPLIO | CAMBIO RADICAL | PODEMOS PERU | PPC | UNION POR EL PERU,CAMBIO RADICAL | PODEMOS PERU | PPC | UNION POR EL PERU
10269519,ALEXANDER ENRIQUE VON EHREN CAMPOS,PARTIDO DEMOCRATICO SOMOS PERU,7,6,True,True,,,ALIANZA POR EL GRAN CAMBIO → RESTAURACION NACIONAL / VICTORIA NACIONAL,ACCION POPULAR | ALIANZA POR EL GRAN CAMBIO | CAMBIO 90 / PERU PATRIA SEGURA | PPK / CONTIGO | RESTAURACION NACIONAL / VICTORIA NACIONAL | SOLIDARIDAD NACIONAL / RENOVACION POPULAR | SOMOS PERU,ACCION POPULAR | CAMBIO 90 / PERU PATRIA SEGURA | PPK / CONTIGO | RESTAURACION NACIONAL / VICTORIA NACIONAL | SOLIDARIDAD NACIONAL / RENOVACION POPULAR | SOMOS PERU
10272499,JESUS ALBERTO GALVEZ OLIVARES,RENOVACION POPULAR PERU,3,2,True,True,,RENOVACION POPULAR PERU → SOLIDARIDAD NACIONAL / RENOVACION POPULAR,,CAMBIO 90 / PERU PATRIA SEGURA | RENOVACION POPULAR PERU | SOLIDARIDAD NACIONAL / RENOVACION POPULAR,CAMBIO 90 / PERU PATRIA SEGURA | SOLIDARIDAD NACIONAL / RENOVACION POPULAR
10298188,JOEL TERAN CABANILLAS,PARTIDO POPULAR CRISTIANO - PPC,4,3,True,True,SOMOS LIMA,,,PPC | SIEMPRE UNIDOS / RUNA | SOLIDARIDAD NACIONAL / RENOVACION POPULAR | SOMOS LIMA,PPC | SIEMPRE UNIDOS / RUNA | SOLIDARIDAD NACIONAL / RENOVACION POPULAR
10313904,LIZZI DEL ROCIO SUELDO MATOS,RENOVACION POPULAR PERU,5,4,True,True,,RENOVACION POPULAR PERU → SOLIDARIDAD NACIONAL / RENOVACION POPULAR,,CAMBIO RADICAL | RENOVACION POPULAR PERU | RESTAURACION NACIONAL / VICTORIA NACIONAL | SOLIDARIDAD NACIONAL / RENOVACION POPULAR | UNION POR EL PERU,CAMBIO RADICAL | RESTAURACION NACIONAL / VICTORIA NACIONAL | SOLIDARIDAD NACIONAL / RENOVACION POPULAR | UNION POR EL PERU
10404209,HAYLEY PAOLA CASSANA NAVARRO,RENOVACION POPULAR PERU,3,1,True,False,,RENOVACION POPULAR PERU → SOLIDARIDAD NACIONAL / RENOVACION POPULAR,ALIANZA ELECTORAL UNIDAD NACIONAL → SOLIDARIDAD NACIONAL / RENOVACION POPULAR | ALIANZA ELECTORAL UNIDAD NACIONAL → SOLIDARIDAD NACIONAL / RENOVACION POPULAR,ALIANZA ELECTORAL UNIDAD NACIONAL | RENOVACION POPULAR PERU | SOLIDARIDAD NACIONAL / RENOVACION POPULAR,SOLIDARIDAD NACIONAL / RENOVACION POPULAR
10405937,PABLO ALEJANDRO GONZALEZ VILLANUEVA,PARTIDO PAIS PARA TODOS,4,3,True,True,"MOVIMIENTO INDEPENDIENTE ""DIALOGO VECINAL""",,,CAMBIO RADICAL | MOVIMIENTO INDEPENDIENTE DIALOGO VECINAL | PARTIDO PAIS PARA TODOS | SOMOS PERU,CAMBIO RADICAL | PARTIDO PAIS PARA TODOS | SOMOS PERU
10411261,DOLORES OTILIA LEON LAURA DE CHUNG,PODEMOS PERU,3,2,True,True,,,ALIANZA ELECTORAL UNIDAD NACIONAL → SOLIDARIDAD NACIONAL / RENOVACION POPULAR,ALIANZA ELECTORAL UNIDAD NACIONAL | PODEMOS PERU | SOLIDARIDAD NACIONAL / RENOVACION POPULAR,PODEMOS PERU | SOLIDARIDAD NACIONAL / RENOVACION POPULAR
10417299,EDWIN FARFAN GONZALES,PARTIDO POPULAR CRISTIANO - PPC,3,2,True,True,SOMOS LIMA,,,PPC | SIEMPRE UNIDOS / RUNA | SOMOS LIMA,PPC | SIEMPRE UNIDOS / RUNA
10585915,RAFAEL BARTOLOME FERREYROS RIECKHOFF,RENOVACION POPULAR PERU,5,4,True,True,,RENOVACION POPULAR PERU → SOLIDARIDAD NACIONAL / RENOVACION POPULAR,FREDEMO → ACCION POPULAR,ACCION POPULAR | CAMBIO 90 / PERU PATRIA SEGURA | FREDEMO | FUERZA POPULAR | RENOVACION POPULAR PERU,ACCION POPULAR | CAMBIO 90 / PERU PATRIA SEGURA | FUERZA POPULAR | SOLIDARIDAD NACIONAL / RENOVACION POPULAR
10585942,ALBINA CECILIA DORIS ALVAREZ SALOMON,PARTIDO DEMOCRATICO SOMOS PERU,3,2,True,True,SOMOS LIMA,,,PARTIDO POLITICO NACIONAL PRIMERO PERU | SOMOS LIMA | SOMOS PERU,PARTIDO POLITICO NACIONAL PRIMERO PERU | SOMOS PERU
10631671,RICARDO HERMINIO BEJARANO FERNANDEZ,FE EN EL PERU,3,2,True,True,UNIDAD DISTRITAL CHORRILLANA,,,FE EN EL PERU | UNIDAD DISTRITAL CHORRILLANA | UNION POR EL PERU,FE EN EL PERU | UNION POR EL PERU
10653642,FELIPE SONCCO MENDOZA,RENOVACION POPULAR PERU,2,1,True,False,,RENOVACION POPULAR PERU → SOLIDARIDAD NACIONAL / RENOVACION POPULAR,,RENOVACION POPULAR PERU | SOLIDARIDAD NACIONAL / RENOVACION POPULAR,SOLIDARIDAD NACIONAL / RENOVACION POPULAR
10683246,FELIPE BALDOMERO CASTILLO ALFARO,AVANZA PAIS - PARTIDO DE INTEGRACION SOCIAL,4,3,True,True,MOVIMIENTO INDEPENDIENTE VAMOS VECINO,,,AVANZA PAIS | CAMBIO 90 / PERU PATRIA SEGURA | MOVIMIENTO INDEPENDIENTE VAMOS VECINO | SIEMPRE UNIDOS / RUNA,AVANZA PAIS | CAMBIO 90 / PERU PATRIA SEGURA | SIEMPRE UNIDOS / RUNA
10708793,HECTOR MANUEL COCHON BARRIENTOS,FRENTE POPULAR AGRICOLA FIA DEL PERU,2,1,True,False,,FRENTE POPULAR AGRICOLA FIA DEL PERU FREPAP → FREPAP | FRENTE POPULAR AGRICOLA FIA DEL PERU → FREPAP,,FRENTE POPULAR AGRICOLA FIA DEL PERU | FRENTE POPULAR AGRICOLA FIA DEL PERU FREPAP,FREPAP
10709414,SANTA MARIA SANCHEZ RAMOS,RENOVACION POPULAR PERU,3,2,True,True,,RENOVACION POPULAR PERU → SOLIDARIDAD NACIONAL / RENOVACION POPULAR,,DEMOCRACIA DIRECTA | RENOVACION POPULAR PERU | SOLIDARIDAD NACIONAL / RENOVACION POPULAR,DEMOCRACIA DIRECTA | SOLIDARIDAD NACIONAL / RENOVACION POPULAR
10712468,CHRISTIAN ISRAEL PARDO REYES,VISION PERU,7,5,True,True,EN SAN LUIS ... LOS JOVENES SI PODEMOS | SAN LUIS RENACE,,,ALIANZA PARA EL PROGRESO | CAMBIO 90 / PERU PATRIA SEGURA | EN SAN LUIS LOS JOVENES SI PODEMOS | PODEMOS PERU | SAN LUIS RENACE | SIEMPRE UNIDOS / RUNA | VISION PERU,ALIANZA PARA EL PROGRESO | CAMBIO 90 / PERU PATRIA SEGURA | PODEMOS PERU | SIEMPRE UNIDOS / RUNA | VISION PERU
10771804,VICTOR RAUL PAULINI SANCHEZ,RENOVACION POPULAR PERU,5,2,True,True,MOVIMIENTO INDEPENDIENTE COMUNIDAD CIVICA DE MAGDALENA | MOVIMIENTO INDEPENDIENTE VAMOS VECINO,PARTIDO POPULAR CRISTIANO PPC UNIDAD NACIONAL → PPC | RENOVACION POPULAR PERU → SOLIDARIDAD NACIONAL / RENOVACION POPULAR,,MOVIMIENTO INDEPENDIENTE COMUNIDAD CIVICA DE MAGDALENA | MOVIMIENTO INDEPENDIENTE VAMOS VECINO | PARTIDO POPULAR CRISTIANO PPC UNIDAD NACIONAL | RENOVACION POPULAR PERU | SOLIDARIDAD NACIONAL / RENOVACION POPULAR,PPC | SOLIDARIDAD NACIONAL / RENOVACION POPULAR
10776369,MILTON FERNANDO JIMENEZ SALAZAR,AVANZA PAIS - PARTIDO DE INTEGRACION SOCIAL,7,5,True,True,MOVIMIENTO INDEPENDIENTE EL GALLO DE ORO | MOVIMIENTO INDEPENDIENTE VAMOS VECINO,,,AGRUPACION INDEPENDIENTE EL GALLO DE ORO | AVANZA PAIS | CAMBIO 90 / PERU PATRIA SEGURA | CAMBIO RADICAL | MOVIMIENTO INDEPENDIENTE EL GALLO DE ORO | MOVIMIENTO INDEPENDIENTE VAMOS VECINO | SOLIDARIDAD NACIONAL / RENOVACION POPULAR,AGRUPACION INDEPENDIENTE EL GALLO DE ORO | AVANZA PAIS | CAMBIO 90 / PERU PATRIA SEGURA | CAMBIO RADICAL | SOLIDARIDAD NACIONAL / RENOVACION POPULAR
10777440,PRIMITIVA MARIA MORILLO ACUÑA,PARTIDO DEMOCRATICO SOMOS PERU,2,1,True,False,L.I. NRO 13 HECHOS Y NO PROMESAS CON EL GRAN CAMBIO,,,L I NRO 13 HECHOS Y NO PROMESAS CON EL GRAN CAMBIO | SOMOS PERU,SOMOS PERU
10797804,EDUARDO JAVIER BLESS CABREJAS,AVANZA PAIS - PARTIDO DE INTEGRACION SOCIAL,6,4,True,True,SAN MIGUEL ME GUSTA,,ALIANZA ELECTORAL UNIDAD NACIONAL → PPC,ALIANZA ELECTORAL UNIDAD NACIONAL | AVANZA PAIS | CAMBIO 90 / PERU PATRIA SEGURA | CAMBIO RADICAL | PPC | SAN MIGUEL ME GUSTA,AVANZA PAIS | CAMBIO 90 / PERU PATRIA SEGURA | CAMBIO RADICAL | PPC
16167943,VICTOR ARTURO CASTILLO SANCHEZ,ALIANZA PARA EL PROGRESO,5,3,True,True,PUEBLO UNIDO RICARDO PALMA | UNIDOS POR EL PUEBLO,,,ALIANZA PARA EL PROGRESO | CONCERTACION PARA EL DESARROLLO REGIONAL LIMA | PUEBLO UNIDO RICARDO PALMA | SOMOS PERU | UNIDOS POR EL PUEBLO,ALIANZA PARA EL PROGRESO | CONCERTACION PARA EL DESARROLLO REGIONAL LIMA | SOMOS PERU
16448148,YEHUDE SIMON MUNARO,COALICION TRANSFORMADORA TIERRA VERDE,8,4,True,True,,AGRUPACION INDEPENDIENTE UNION POR EL PERU FRENTE AMPLIO → UNION POR EL PERU | AGRUPACION INDEPENDIENTE UNION POR EL PERU SOCIAL DEMOCRACIA → UNION POR EL PERU | ALIANZA ELECTORAL IZQUIERDA UNIDA → IZQUIERDA UNIDA | PARTIDO MOVIMIENTO HUMANISTA PERUANO → HUMANISTA / JUNTOS POR EL PERU,ALIANZA POR EL GRAN CAMBIO → HUMANISTA / JUNTOS POR EL PERU,AGRUPACION INDEPENDIENTE UNION POR EL PERU FRENTE AMPLIO | AGRUPACION INDEPENDIENTE UNION POR EL PERU SOCIAL DEMOCRACIA | ALIANZA ELECTORAL IZQUIERDA UNIDA | ALIANZA POR EL GRAN CAMBIO | COALICION TRANSFORMADORA TIERRA VERDE | HUMANISTA / JUNTOS POR EL PERU | IZQUIERDA UNIDA | PARTIDO MOVIMIENTO HUMANISTA PERUANO,COALICION TRANSFORMADORA TIERRA VERDE | HUMANISTA / JUNTOS POR EL PERU | IZQUIERDA UNIDA | UNION POR EL PERU
16796198,MARIA PERLA ESPINOZA AQUINO,ALIANZA PARA EL PROGRESO,3,2,True,True,VIVA LA MOLINA,,,ALIANZA PARA EL PROGRESO | SOLIDARIDAD NACIONAL / RENOVACION POPULAR | VIVA LA MOLINA,ALIANZA PARA EL PROGRESO | SOLIDARIDAD NACIONAL / RENOVACION POPULAR
17913280,ZORAIDA ISABEL ORMEÑO VDA DE ALVA,ACCION POPULAR,2,1,True,False,,,FRENTE DE CENTRO → ACCION POPULAR,ACCION POPULAR | FRENTE DE CENTRO,ACCION POPULAR
17971463,HARRY ALVARO REBAZA ARROYO,AVANZA PAIS - PARTIDO DE INTEGRACION SOCIAL,2,1,True,False,VIVA LA MOLINA,,,AVANZA PAIS | VIVA LA MOLINA,AVANZA PAIS
21474902,SANTA ELVIRA TUEROS SOTO,FRENTE POPULAR AGRICOLA FIA DEL PERU,2,1,True,False,,FRENTE POPULAR AGRICOLA FIA DEL PERU FREPAP → FREPAP | FRENTE POPULAR AGRICOLA FIA DEL PERU → FREPAP,,FRENTE POPULAR AGRICOLA FIA DEL PERU | FRENTE POPULAR AGRICOLA FIA DEL PERU FREPAP,FREPAP
22085126,JUAN ADOLFO SOLORZANO FELIX,PARTIDO DEMOCRATICO SOMOS PERU,2,1,True,False,DE SAN BARTOLO PARA EL PERU,,,DE SAN BARTOLO PARA EL PERU | SOMOS PERU,SOMOS PERU
23276802,MARIA LUISA FERNANDEZ ARROYO,FUERZA POPULAR,5,3,True,True,L.I. NRO 19 JUNTOS POR EL DESARROLLO DE HUANCAVELICA,AGRUPACION INDEPENDIENTE SI CUMPLE → CAMBIO 90 / PERU PATRIA SEGURA | AGRUPACION INDEPENDIENTE UNION POR EL PERU FRENTE AMPLIO → UNION POR EL PERU | ALIANZA ELECTORAL CAMBIO 90 NUEVA MAYORIA → CAMBIO 90 / PERU PATRIA SEGURA,,AGRUPACION INDEPENDIENTE SI CUMPLE | AGRUPACION INDEPENDIENTE UNION POR EL PERU FRENTE AMPLIO | ALIANZA ELECTORAL CAMBIO 90 NUEVA MAYORIA | FUERZA POPULAR | L I NRO 19 JUNTOS POR EL DESARROLLO DE HUANCAVELICA,CAMBIO 90 / PERU PATRIA SEGURA | FUERZA POPULAR | UNION POR EL PERU
25502134,ALBERTO SISILIO MURILLO REMIGIO,PROGRESEMOS,2,1,True,False,UNIDAD CAMPESINA VECINAL,,,PROGRESEMOS | UNIDAD CAMPESINA VECINAL,PROGRESEMOS
25662907,HECTOR PORTUGAL MARIN,AVANZA PAIS - PARTIDO DE INTEGRACION SOCIAL,2,1,True,False,PUNTA HERMOSA UNIDO,,,AVANZA PAIS | PUNTA HERMOSA UNIDO,AVANZA PAIS
25767672,LIDA EMILIA BERMUDO VALLADARES,RENOVACION POPULAR PERU,2,1,True,False,,RENOVACION POPULAR PERU → SOLIDARIDAD NACIONAL / RENOVACION POPULAR,,RENOVACION POPULAR PERU | SOLIDARIDAD NACIONAL / RENOVACION POPULAR,SOLIDARIDAD NACIONAL / RENOVACION POPULAR
25826747,MARIA ANGELICA GONZALES HUAMAN VDA DE CHUN,FRENTE POPULAR AGRICOLA FIA DEL PERU,2,1,True,False,,FRENTE POPULAR AGRICOLA FIA DEL PERU FREPAP → FREPAP | FRENTE POPULAR AGRICOLA FIA DEL PERU → FREPAP,,FRENTE POPULAR AGRICOLA FIA DEL PERU | FRENTE POPULAR AGRICOLA FIA DEL PERU FREPAP,FREPAP
27289826,JOSE RUBEN DELGADO HEREDIA,PERU MODERNO,3,2,True,True,,PARTIDO POPULAR CRISTIANO PPC UNIDAD NACIONAL → PPC,,PARTIDO POPULAR CRISTIANO PPC UNIDAD NACIONAL | PERU MODERNO | PPC,PERU MODERNO | PPC
28294111,TANIA VALENTINA RIVERA AYBAR,AHORA NACION - AN,2,1,True,False,VOCES DE LINCE,,,AHORA NACION AN | VOCES DE LINCE,AHORA NACION AN
29328098,SANTIAGO JORGE VERGARA NIETO,FRENTE POPULAR AGRICOLA FIA DEL PERU,2,1,True,False,,FRENTE POPULAR AGRICOLA FIA DEL PERU FREPAP → FREPAP | FRENTE POPULAR AGRICOLA FIA DEL PERU → FREPAP,,FRENTE POPULAR AGRICOLA FIA DEL PERU | FRENTE POPULAR AGRICOLA FIA DEL PERU FREPAP,FREPAP
32905607,HUSBEL LEONARDO CRUZADO MONTAÑEZ,PARTIDO FRENTE DE LA ESPERANZA 2021,3,2,True,True,,AGRUPACION INDEPENDIENTE UNION POR EL PERU FRENTE AMPLIO → UNION POR EL PERU,,AGRUPACION INDEPENDIENTE UNION POR EL PERU FRENTE AMPLIO | FIM / FRENTE DE LA ESPERANZA | UNION POR EL PERU,FIM / FRENTE DE LA ESPERANZA | UNION POR EL PERU
32961536,LUIS DANTE MENDIETA FLORES,ALIANZA PARA EL PROGRESO,3,2,True,True,CAMBIEMOS SAN JUAN,,,ALIANZA PARA EL PROGRESO | CAMBIEMOS SAN JUAN | FUERZA POPULAR,ALIANZA PARA EL PROGRESO | FUERZA POPULAR
40037267,AUGUST ENRIQUE FREDERICK ARTHUR CARBAJAL SCHUMACHER,AVANZA PAIS - PARTIDO DE INTEGRACION SOCIAL,5,4,True,True,SAN BARTOLO SOLIDARIO,,,AVANZA PAIS | DEMOCRACIA DIRECTA | FUERZA POPULAR | SAN BARTOLO SOLIDARIO | SOMOS PERU,AVANZA PAIS | DEMOCRACIA DIRECTA | FUERZA POPULAR | SOMOS PERU
40044758,JAIME RIVERA NEUHAUS,RENOVACION POPULAR PERU,2,1,True,False,,RENOVACION POPULAR PERU → SOLIDARIDAD NACIONAL / RENOVACION POPULAR,,RENOVACION POPULAR PERU | SOLIDARIDAD NACIONAL / RENOVACION POPULAR,SOLIDARIDAD NACIONAL / RENOVACION POPULAR
40051288,JENNY OCAÑA ARANIBAR,AVANZA PAIS - PARTIDO DE INTEGRACION SOCIAL,3,2,True,True,MOVIMIENTO INDEPENDIENTE VAMOS VECINO,,,AVANZA PAIS | MOVIMIENTO INDEPENDIENTE VAMOS VECINO | RESTAURACION NACIONAL / VICTORIA NACIONAL,AVANZA PAIS | RESTAURACION NACIONAL / VICTORIA NACIONAL
40149006,FRANCISCO XAVIER BARRON DE OLARTE,PARTIDO DEMOCRATICO SOMOS PERU,5,3,True,True,,PARTIDO POPULAR CRISTIANO PPC UNIDAD NACIONAL → PPC,"ALIANZA ELECTORAL UNIDAD NACIONAL → PPC, SOLIDARIDAD NACIONAL / RENOVACION POPULAR",ALIANZA ELECTORAL UNIDAD NACIONAL | PARTIDO POPULAR CRISTIANO PPC UNIDAD NACIONAL | PPC | SOLIDARIDAD NACIONAL / RENOVACION POPULAR | SOMOS PERU,PPC | SOLIDARIDAD NACIONAL / RENOVACION POPULAR | SOMOS PERU
40163811,JORGE LUIS GUILLEN SIVIRICHI,RENOVACION POPULAR PERU,2,1,True,False,,RENOVACION POPULAR PERU → SOLIDARIDAD NACIONAL / RENOVACION POPULAR,,RENOVACION POPULAR PERU | SOLIDARIDAD NACIONAL / RENOVACION POPULAR,SOLIDARIDAD NACIONAL / RENOVACION POPULAR
40252809,JUAN JOSE GUEVARA BONILLA,ACCION POPULAR,3,2,True,True,SAN MIGUEL ME GUSTA,,,ACCION POPULAR | CAMBIO 90 / PERU PATRIA SEGURA | SAN MIGUEL ME GUSTA,ACCION POPULAR | CAMBIO 90 / PERU PATRIA SEGURA
40283799,JORGE RAFAEL VILLENA LARREA,PARTIDO POPULAR CRISTIANO - PPC,2,1,True,False,,PARTIDO POPULAR CRISTIANO PPC UNIDAD NACIONAL → PPC,,PARTIDO POPULAR CRISTIANO PPC UNIDAD NACIONAL | PPC,PPC
40290628,ABEL MISAEL SALDAÑA ALVARADO,RENOVACION POPULAR PERU,5,3,True,True,,RENOVACION POPULAR PERU → SOLIDARIDAD NACIONAL / RENOVACION POPULAR,"ALIANZA ELECTORAL UNIDAD NACIONAL → PPC, SOLIDARIDAD NACIONAL / RENOVACION POPULAR",ALIANZA ELECTORAL UNIDAD NACIONAL | AVANZA PAIS | PPC | RENOVACION POPULAR PERU | SOLIDARIDAD NACIONAL / RENOVACION POPULAR,AVANZA PAIS | PPC | SOLIDARIDAD NACIONAL / RENOVACION POPULAR
40296141,PEDRO JESUS CASTIGLIONI GHIGLINO,RENOVACION POPULAR PERU,2,1,True,False,,RENOVACION POPULAR PERU → SOLIDARIDAD NACIONAL / RENOVACION POPULAR,,RENOVACION POPULAR PERU | SOLIDARIDAD NACIONAL / RENOVACION POPULAR,SOLIDARIDAD NACIONAL / RENOVACION POPULAR
40335073,YVON CAROLINA BALDEON QUISPE,PARTIDO POPULAR CRISTIANO - PPC,2,1,True,False,,PARTIDO POPULAR CRISTIANO PPC UNIDAD NACIONAL → PPC,,PARTIDO POPULAR CRISTIANO PPC UNIDAD NACIONAL | PPC,PPC
40452120,DENISSELA DANTONELLA DE VETTORI DORADOR,RENOVACION POPULAR PERU,2,1,True,False,,RENOVACION POPULAR PERU → SOLIDARIDAD NACIONAL / RENOVACION POPULAR,,RENOVACION POPULAR PERU | SOLIDARIDAD NACIONAL / RENOVACION POPULAR,SOLIDARIDAD NACIONAL / RENOVACION POPULAR
40555947,OSWALDO AMERICO SALAZAR QUISPE,RENOVACION POPULAR PERU,5,3,True,True,SAN JUAN UNIDO,RENOVACION POPULAR PERU → SOLIDARIDAD NACIONAL / RENOVACION POPULAR,,DEMOCRACIA DIRECTA | RENOVACION POPULAR PERU | SAN JUAN UNIDO | SOLIDARIDAD NACIONAL / RENOVACION POPULAR | SOMOS PERU,DEMOCRACIA DIRECTA | SOLIDARIDAD NACIONAL / RENOVACION POPULAR | SOMOS PERU
40558592,CRISTINA RAYME RAMOS,FRENTE POPULAR AGRICOLA FIA DEL PERU,2,1,True,False,,FRENTE POPULAR AGRICOLA FIA DEL PERU FREPAP → FREPAP | FRENTE POPULAR AGRICOLA FIA DEL PERU → FREPAP,,FRENTE POPULAR AGRICOLA FIA DEL PERU | FRENTE POPULAR AGRICOLA FIA DEL PERU FREPAP,FREPAP
40586137,ELIZABETH JHOANA FERNANDEZ FLORIAN,RENOVACION POPULAR PERU,3,2,True,True,,RENOVACION POPULAR PERU → SOLIDARIDAD NACIONAL / RENOVACION POPULAR,,CAMBIO RADICAL | RENOVACION POPULAR PERU | SOLIDARIDAD NACIONAL / RENOVACION POPULAR,CAMBIO RADICAL | SOLIDARIDAD NACIONAL / RENOVACION POPULAR
40700225,MABEL KARINA LEANDRO MELGAREJO,RENOVACION POPULAR PERU,3,2,True,True,,RENOVACION POPULAR PERU → SOLIDARIDAD NACIONAL / RENOVACION POPULAR,,CAMBIO 90 / PERU PATRIA SEGURA | RENOVACION POPULAR PERU | SOLIDARIDAD NACIONAL / RENOVACION POPULAR,CAMBIO 90 / PERU PATRIA SEGURA | SOLIDARIDAD NACIONAL / RENOVACION POPULAR
40745792,JESUS MALDONADO AMAO,PARTIDO DEMOCRATICO SOMOS PERU,3,2,True,True,,,ALIANZA ELECTORAL UNIDAD NACIONAL → PPC,ALIANZA ELECTORAL UNIDAD NACIONAL | PPC | SOMOS PERU,PPC | SOMOS PERU
40964185,FRANKLIN VILLARRUEL ALVAREZ,FRENTE POPULAR AGRICOLA FIA DEL PERU,2,1,True,False,,FRENTE POPULAR AGRICOLA FIA DEL PERU FREPAP → FREPAP | FRENTE POPULAR AGRICOLA FIA DEL PERU → FREPAP,,FRENTE POPULAR AGRICOLA FIA DEL PERU | FRENTE POPULAR AGRICOLA FIA DEL PERU FREPAP,FREPAP
41077593,LUZ MARLENE ESTEBAN INGAROCA,FRENTE POPULAR AGRICOLA FIA DEL PERU,2,1,True,False,,FRENTE POPULAR AGRICOLA FIA DEL PERU FREPAP → FREPAP | FRENTE POPULAR AGRICOLA FIA DEL PERU → FREPAP,,FRENTE POPULAR AGRICOLA FIA DEL PERU | FRENTE POPULAR AGRICOLA FIA DEL PERU FREPAP,FREPAP
41094888,ENRIQUE FERNANDO DELUCCHI CHUECA,PARTIDO MORADO,3,1,True,False,DECISION CIUDADANA | SIEMPRE PARA BARRANCO,,,DECISION CIUDADANA | PARTIDO MORADO | SIEMPRE PARA BARRANCO,PARTIDO MORADO
41164095,CELIA YSABEL PAJUELO MEDINA DE TORRES,RENOVACION POPULAR PERU,2,1,True,False,,RENOVACION POPULAR PERU → SOLIDARIDAD NACIONAL / RENOVACION POPULAR,,RENOVACION POPULAR PERU | SOLIDARIDAD NACIONAL / RENOVACION POPULAR,SOLIDARIDAD NACIONAL / RENOVACION POPULAR
41182308,MAGDIEL SAMLA DE LA CRUZ RAFAEL,FRENTE POPULAR AGRICOLA FIA DEL PERU,2,1,True,False,,FRENTE POPULAR AGRICOLA FIA DEL PERU FREPAP → FREPAP | FRENTE POPULAR AGRICOLA FIA DEL PERU → FREPAP,,FRENTE POPULAR AGRICOLA FIA DEL PERU | FRENTE POPULAR AGRICOLA FIA DEL PERU FREPAP,FREPAP
41236052,RAQUEL RUIZ RAMIREZ,PODEMOS PERU,2,1,True,False,FRENTE INDEPENDIENTE CONCERTACION POR ANCON,,,FRENTE INDEPENDIENTE CONCERTACION POR ANCON | PODEMOS PERU,PODEMOS PERU
41306507,ROMMEL IVAN LORO RAMIREZ,RENOVACION POPULAR PERU,2,1,True,False,,RENOVACION POPULAR PERU → SOLIDARIDAD NACIONAL / RENOVACION POPULAR,,RENOVACION POPULAR PERU | SOLIDARIDAD NACIONAL / RENOVACION POPULAR,SOLIDARIDAD NACIONAL / RENOVACION POPULAR
41319661,SEGUNDO VALDEZ ZAVALA,FRENTE POPULAR AGRICOLA FIA DEL PERU,2,1,True,False,,FRENTE POPULAR AGRICOLA FIA DEL PERU FREPAP → FREPAP | FRENTE POPULAR AGRICOLA FIA DEL PERU → FREPAP,,FRENTE POPULAR AGRICOLA FIA DEL PERU | FRENTE POPULAR AGRICOLA FIA DEL PERU FREPAP,FREPAP
41339983,DEBORAH CARMEN INGA ZAPATA,RENOVACION POPULAR PERU,5,3,True,True,,RENOVACION POPULAR PERU → SOLIDARIDAD NACIONAL / RENOVACION POPULAR,ALIANZA SOLIDARIDAD NACIONAL → SOLIDARIDAD NACIONAL / RENOVACION POPULAR,ALIANZA SOLIDARIDAD NACIONAL | CAMBIO RADICAL | RENOVACION POPULAR PERU | RESTAURACION NACIONAL / VICTORIA NACIONAL | SOLIDARIDAD NACIONAL / RENOVACION POPULAR,CAMBIO RADICAL | RESTAURACION NACIONAL / VICTORIA NACIONAL | SOLIDARIDAD NACIONAL / RENOVACION POPULAR
41375446,GIULIANA CALAMBROGIO CORREA DE BALMACEDA,RENOVACION POPULAR PERU,2,1,True,False,,RENOVACION POPULAR PERU → SOLIDARIDAD NACIONAL / RENOVACION POPULAR,,RENOVACION POPULAR PERU | SOLIDARIDAD NACIONAL / RENOVACION POPULAR,SOLIDARIDAD NACIONAL / RENOVACION POPULAR
41567240,HERNAN TOMAS SIFUENTES BARCA,RENOVACION POPULAR PERU,5,4,True,True,,RENOVACION POPULAR PERU → SOLIDARIDAD NACIONAL / RENOVACION POPULAR,"ALIANZA ELECTORAL UNIDAD NACIONAL → PPC, SOLIDARIDAD NACIONAL / RENOVACION POPULAR",ALIANZA ELECTORAL UNIDAD NACIONAL | ALIANZA PARA EL PROGRESO | PODEMOS PERU | PPC | RENOVACION POPULAR PERU,ALIANZA PARA EL PROGRESO | PODEMOS PERU | PPC | SOLIDARIDAD NACIONAL / RENOVACION POPULAR
41629232,MILLER JESUS CARHUAMACA MONYOY,PARTIDO DEMOCRATICO SOMOS PERU,4,3,True,True,MOVIMIENTO INDEPENDIENTE POLITICO VILLA CAMBIA,,,ALIANZA PARA EL PROGRESO | MOVIMIENTO INDEPENDIENTE POLITICO VILLA CAMBIA | SOLIDARIDAD NACIONAL / RENOVACION POPULAR | SOMOS PERU,ALIANZA PARA EL PROGRESO | SOLIDARIDAD NACIONAL / RENOVACION POPULAR | SOMOS PERU
41660974,MARIA FRANCISCA CUMPA CUMPA,PROGRESEMOS,2,1,True,False,DIALOGO VECINAL,,,DIALOGO VECINAL | PROGRESEMOS,PROGRESEMOS
41682167,CINTHIA DEL ROCIO LEYVA OCON,PARTIDO UNIDAD Y PAZ,2,1,True,False,MAS OBRAS Y DESARROLLO SOCIAL,,,MAS OBRAS Y DESARROLLO SOCIAL | PARTIDO UNIDAD Y PAZ,PARTIDO UNIDAD Y PAZ
41780298,GEORGES MICHAEL MAGUIÑA HUAMAN,RENOVACION POPULAR PERU,2,1,True,False,,RENOVACION POPULAR PERU → SOLIDARIDAD NACIONAL / RENOVACION POPULAR,,RENOVACION POPULAR PERU | SOLIDARIDAD NACIONAL / RENOVACION POPULAR,SOLIDARIDAD NACIONAL / RENOVACION POPULAR
42034196,ENA KARINA OCAÑA ARANIBAR,AVANZA PAIS - PARTIDO DE INTEGRACION SOCIAL,5,4,True,True,MAGDALENA AVANZA,,,ALIANZA ELECTORAL UNIDAD NACIONAL | ALIANZA PARA EL PROGRESO | AVANZA PAIS | CAMBIO RADICAL | MAGDALENA AVANZA,ALIANZA PARA EL PROGRESO | ALIANZA:UNIDAD NACIONAL | AVANZA PAIS | CAMBIO RADICAL
42083250,JUVER ELIAS VALENTIN ZUÑIGA,RENOVACION POPULAR PERU,2,1,True,False,,RENOVACION POPULAR PERU → SOLIDARIDAD NACIONAL / RENOVACION POPULAR,,RENOVACION POPULAR PERU | SOLIDARIDAD NACIONAL / RENOVACION POPULAR,SOLIDARIDAD NACIONAL / RENOVACION POPULAR
42132212,ALEJANDRO JOAQUIN GARCIA EYZAGUIRRE,RENOVACION POPULAR PERU,2,1,True,False,,RENOVACION POPULAR PERU → SOLIDARIDAD NACIONAL / RENOVACION POPULAR,,RENOVACION POPULAR PERU | SOLIDARIDAD NACIONAL / RENOVACION POPULAR,SOLIDARIDAD NACIONAL / RENOVACION POPULAR
42412981,YOANNIE SURY SOLIS SULCA,PARTIDO DEL BUEN GOBIERNO,2,1,True,False,DIALOGO VECINAL,,,DIALOGO VECINAL | PARTIDO DEL BUEN GOBIERNO,PARTIDO DEL BUEN GOBIERNO
42561928,ERIC MARTIN DIAZ ZEGARRA,AHORA NACION - AN,3,2,True,True,,,ALIANZA ELECTORAL UNIDAD NACIONAL → SOLIDARIDAD NACIONAL / RENOVACION POPULAR,AHORA NACION AN | ALIANZA ELECTORAL UNIDAD NACIONAL | SOLIDARIDAD NACIONAL / RENOVACION POPULAR,AHORA NACION AN | SOLIDARIDAD NACIONAL / RENOVACION POPULAR
42562891,JACQUELINE ANDREA ALHUAY LLACCHUARIMAY,FRENTE POPULAR AGRICOLA FIA DEL PERU,2,1,True,False,,FRENTE POPULAR AGRICOLA FIA DEL PERU FREPAP → FREPAP | FRENTE POPULAR AGRICOLA FIA DEL PERU → FREPAP,,FRENTE POPULAR AGRICOLA FIA DEL PERU | FRENTE POPULAR AGRICOLA FIA DEL PERU FREPAP,FREPAP
42765101,VILMA DALILA ALCANTARA ALARCON,PARTIDO DEMOCRATICO SOMOS PERU,2,1,True,False,ORGANIZACION POLITICA LOCAL PROVINCIAL DIALOGO VECINAL,,,ORGANIZACION POLITICA LOCAL PROVINCIAL DIALOGO VECINAL | SOMOS PERU,SOMOS PERU
42819693,ABDON VIJAY VELA INUMA,FRENTE POPULAR AGRICOLA FIA DEL PERU,2,1,True,False,,FRENTE POPULAR AGRICOLA FIA DEL PERU FREPAP → FREPAP | FRENTE POPULAR AGRICOLA FIA DEL PERU → FREPAP,,FRENTE POPULAR AGRICOLA FIA DEL PERU | FRENTE POPULAR AGRICOLA FIA DEL PERU FREPAP,FREPAP
42995780,MIGUEL MIGUEL CICCIA CICCIA,RENOVACION POPULAR PERU,4,2,True,True,,RENOVACION POPULAR PERU → SOLIDARIDAD NACIONAL / RENOVACION POPULAR,ALIANZA ELECTORAL UNIDAD NACIONAL → SOLIDARIDAD NACIONAL / RENOVACION POPULAR,ALIANZA ELECTORAL UNIDAD NACIONAL | RENOVACION POPULAR PERU | SOLIDARIDAD NACIONAL / RENOVACION POPULAR | UNIDOS CONSTRUYENDO,SOLIDARIDAD NACIONAL / RENOVACION POPULAR | UNIDOS CONSTRUYENDO
43057649,ALBERTO WEINBERGER TORRES,RENOVACION POPULAR PERU,3,2,True,True,,RENOVACION POPULAR PERU → SOLIDARIDAD NACIONAL / RENOVACION POPULAR,,CAMBIO RADICAL | RENOVACION POPULAR PERU | SOLIDARIDAD NACIONAL / RENOVACION POPULAR,CAMBIO RADICAL | SOLIDARIDAD NACIONAL / RENOVACION POPULAR
43186027,GUIDO IÑIGO PERALTA,PARTIDO DEMOCRATICO SOMOS PERU,4,3,True,True,MOVIMIENTO INDEPENDIENTE POLITICO VILLA CAMBIA,,,ALIANZA PARA EL PROGRESO | MOVIMIENTO INDEPENDIENTE POLITICO VILLA CAMBIA | PERU POSIBLE | SOMOS PERU,ALIANZA PARA EL PROGRESO | PERU POSIBLE | SOMOS PERU
43214860,NANDY JANETH CORDOVA MORALES,RENOVACION POPULAR PERU,3,2,True,True,,RENOVACION POPULAR PERU → SOLIDARIDAD NACIONAL / RENOVACION POPULAR,,PPC | RENOVACION POPULAR PERU | SOLIDARIDAD NACIONAL / RENOVACION POPULAR,PPC | SOLIDARIDAD NACIONAL / RENOVACION POPULAR
43225992,INDIRA FRANCESCA CHIROQUE VALLEJOS,RENOVACION POPULAR PERU,5,4,True,True,,RENOVACION POPULAR PERU → SOLIDARIDAD NACIONAL / RENOVACION POPULAR,,AVANZA PAIS | PODEMOS PERU | RENOVACION POPULAR PERU | SIEMPRE UNIDOS / RUNA | SOLIDARIDAD NACIONAL / RENOVACION POPULAR,AVANZA PAIS | PODEMOS PERU | SIEMPRE UNIDOS / RUNA | SOLIDARIDAD NACIONAL / RENOVACION POPULAR
43401219,LEO MIGUEL DE PAZ LANCHO,RENOVACION POPULAR PERU,2,1,True,False,,RENOVACION POPULAR PERU → SOLIDARIDAD NACIONAL / RENOVACION POPULAR,,RENOVACION POPULAR PERU | SOLIDARIDAD NACIONAL / RENOVACION POPULAR,SOLIDARIDAD NACIONAL / RENOVACION POPULAR
43746744,RALPH SANCHEZ YARINGAÑO,RENOVACION POPULAR PERU,3,2,True,True,,RENOVACION POPULAR PERU → SOLIDARIDAD NACIONAL / RENOVACION POPULAR,,PPC | RENOVACION POPULAR PERU | SOLIDARIDAD NACIONAL / RENOVACION POPULAR,PPC | SOLIDARIDAD NACIONAL / RENOVACION POPULAR
43797193,JESUS OSWALDO RUEDA MARTINEZ,RENOVACION POPULAR PERU,2,1,True,False,,RENOVACION POPULAR PERU → SOLIDARIDAD NACIONAL / RENOVACION POPULAR,,RENOVACION POPULAR PERU | SOLIDARIDAD NACIONAL / RENOVACION POPULAR,SOLIDARIDAD NACIONAL / RENOVACION POPULAR
43919961,ROSARIO CHUQUIRUNA VELASQUEZ,AHORA NACION - AN,2,1,True,False,DIALOGO VECINAL,,,AHORA NACION AN | DIALOGO VECINAL,AHORA NACION AN
44090732,MIRTA AIDE MONDRAGON GUEVARA,RENOVACION POPULAR PERU,2,1,True,False,,RENOVACION POPULAR PERU → SOLIDARIDAD NACIONAL / RENOVACION POPULAR,,RENOVACION POPULAR PERU | SOLIDARIDAD NACIONAL / RENOVACION POPULAR,SOLIDARIDAD NACIONAL / RENOVACION POPULAR
44129325,ROBERT JOEL LUDEÑA GUERRA,RENOVACION POPULAR PERU,3,2,True,True,,RENOVACION POPULAR PERU → SOLIDARIDAD NACIONAL / RENOVACION POPULAR,,DEMOCRACIA DIRECTA | RENOVACION POPULAR PERU | SOLIDARIDAD NACIONAL / RENOVACION POPULAR,DEMOCRACIA DIRECTA | SOLIDARIDAD NACIONAL / RENOVACION POPULAR
44382904,YESENIA VANESSA BADOS ALARCON,FRENTE POPULAR AGRICOLA FIA DEL PERU,2,1,True,False,,FRENTE POPULAR AGRICOLA FIA DEL PERU FREPAP → FREPAP | FRENTE POPULAR AGRICOLA FIA DEL PERU → FREPAP,,FRENTE POPULAR AGRICOLA FIA DEL PERU | FRENTE POPULAR AGRICOLA FIA DEL PERU FREPAP,FREPAP
44422324,WILLIAM RONALD SALAZAR MATEO,RENOVACION POPULAR PERU,2,1,True,False,,RENOVACION POPULAR PERU → SOLIDARIDAD NACIONAL / RENOVACION POPULAR,,RENOVACION POPULAR PERU | SOLIDARIDAD NACIONAL / RENOVACION POPULAR,SOLIDARIDAD NACIONAL / RENOVACION POPULAR
44430588,JORGE ANTONIO CUADROS MALNATI,RENOVACION POPULAR PERU,2,1,True,False,,RENOVACION POPULAR PERU → SOLIDARIDAD NACIONAL / RENOVACION POPULAR,,RENOVACION POPULAR PERU | SOLIDARIDAD NACIONAL / RENOVACION POPULAR,SOLIDARIDAD NACIONAL / RENOVACION POPULAR
44502624,GLADYS FIORELLA VERGARA RUIZ,VISION PERU,2,1,True,False,DIALOGO VECINAL,,,DIALOGO VECINAL | VISION PERU,VISION PERU
44553530,GINA VALERIA CASANOVA MERA,PARTIDO DEMOCRATICO SOMOS PERU,5,4,True,True,DEMOCRACIA CON VALORES,PARTIDO POPULAR CRISTIANO PPC UNIDAD NACIONAL → PPC,,ALIANZA PARA EL PROGRESO | DEMOCRACIA CON VALORES | PARTIDO POPULAR CRISTIANO PPC UNIDAD NACIONAL | SOLIDARIDAD NACIONAL / RENOVACION POPULAR | SOMOS PERU,ALIANZA PARA EL PROGRESO | PPC | SOLIDARIDAD NACIONAL / RENOVACION POPULAR | SOMOS PERU
44563884,EDGAR MOROCCO CALCINA,FRENTE POPULAR AGRICOLA FIA DEL PERU,2,1,True,False,,FRENTE POPULAR AGRICOLA FIA DEL PERU FREPAP → FREPAP | FRENTE POPULAR AGRICOLA FIA DEL PERU → FREPAP,,FRENTE POPULAR AGRICOLA FIA DEL PERU | FRENTE POPULAR AGRICOLA FIA DEL PERU FREPAP,FREPAP
44597851,EUFEMIA JOSEFINA SOTO PACHECO,RENOVACION POPULAR PERU,2,1,True,False,,RENOVACION POPULAR PERU → SOLIDARIDAD NACIONAL / RENOVACION POPULAR,,RENOVACION POPULAR PERU | SOLIDARIDAD NACIONAL / RENOVACION POPULAR,SOLIDARIDAD NACIONAL / RENOVACION POPULAR
44709978,CESAR AUGUSTO COMBINA SALVATIERRA,AVANZA PAIS - PARTIDO DE INTEGRACION SOCIAL,6,5,True,True,,PARTIDO POPULAR CRISTIANO PPC UNIDAD NACIONAL → PPC,ALIANZA ELECTORAL UNIDAD NACIONAL → PPC,ALIANZA ELECTORAL UNIDAD NACIONAL | ALIANZA PARA EL PROGRESO | AVANZA PAIS | CAMINEMOS JUNTOS POR JUNIN | FUERZA POPULAR | PARTIDO POPULAR CRISTIANO PPC UNIDAD NACIONAL,ALIANZA PARA EL PROGRESO | AVANZA PAIS | CAMINEMOS JUNTOS POR JUNIN | FUERZA POPULAR | PPC
44737423,JESUS EDUARDO HUERTA VARGAS,RENOVACION POPULAR PERU,2,1,True,False,,RENOVACION POPULAR PERU → SOLIDARIDAD NACIONAL / RENOVACION POPULAR,,RENOVACION POPULAR PERU | SOLIDARIDAD NACIONAL / RENOVACION POPULAR,SOLIDARIDAD NACIONAL / RENOVACION POPULAR
44879984,FELIPE SANDOVAL GARCIA,FRENTE POPULAR AGRICOLA FIA DEL PERU,2,1,True,False,,FRENTE POPULAR AGRICOLA FIA DEL PERU FREPAP → FREPAP | FRENTE POPULAR AGRICOLA FIA DEL PERU → FREPAP,,FRENTE POPULAR AGRICOLA FIA DEL PERU | FRENTE POPULAR AGRICOLA FIA DEL PERU FREPAP,FREPAP
44885682,MARCOS ENRIQUE CABRERA PORRAS,RENOVACION POPULAR PERU,4,2,True,True,SAN MIGUEL ME GUSTA,RENOVACION POPULAR PERU → SOLIDARIDAD NACIONAL / RENOVACION POPULAR,,CAMBIO 90 / PERU PATRIA SEGURA | RENOVACION POPULAR PERU | SAN MIGUEL ME GUSTA | SOLIDARIDAD NACIONAL / RENOVACION POPULAR,CAMBIO 90 / PERU PATRIA SEGURA | SOLIDARIDAD NACIONAL / RENOVACION POPULAR
44963545,ISABEL DEL ROCIO AYALA MELGAREJO,RENOVACION POPULAR PERU,4,3,True,True,,RENOVACION POPULAR PERU → SOLIDARIDAD NACIONAL / RENOVACION POPULAR,,PPC | RENOVACION POPULAR PERU | RESTAURACION NACIONAL / VICTORIA NACIONAL | SOLIDARIDAD NACIONAL / RENOVACION POPULAR,PPC | RESTAURACION NACIONAL / VICTORIA NACIONAL | SOLIDARIDAD NACIONAL / RENOVACION POPULAR
44979204,ERMELINDA LANAZCA BALTAZAR DE TAYPE,FRENTE POPULAR AGRICOLA FIA DEL PERU,2,1,True,False,MOVIMIENTO INDEPENDIENTE DE CAMPESINOS Y PROFESIONALES,FRENTE POPULAR AGRICOLA FIA DEL PERU → FREPAP,,FRENTE POPULAR AGRICOLA FIA DEL PERU | MOVIMIENTO INDEPENDIENTE DE CAMPESINOS Y PROFESIONALES,FREPAP
45449970,PATRICIA ALEJANDRA MANRIQUE LEVANO,RENOVACION POPULAR PERU,2,1,True,False,,RENOVACION POPULAR PERU → SOLIDARIDAD NACIONAL / RENOVACION POPULAR,,RENOVACION POPULAR PERU | SOLIDARIDAD NACIONAL / RENOVACION POPULAR,SOLIDARIDAD NACIONAL / RENOVACION POPULAR
45654749,OSCAR JONATHAN CHANG RIOS,RENOVACION POPULAR PERU,2,1,True,False,,RENOVACION POPULAR PERU → SOLIDARIDAD NACIONAL / RENOVACION POPULAR,,RENOVACION POPULAR PERU | SOLIDARIDAD NACIONAL / RENOVACION POPULAR,SOLIDARIDAD NACIONAL / RENOVACION POPULAR
45670109,JOSUE JEFFERSON DE LA TORRE BRAMON,RENOVACION POPULAR PERU,2,1,True,False,,RENOVACION POPULAR PERU → SOLIDARIDAD NACIONAL / RENOVACION POPULAR,,RENOVACION POPULAR PERU | SOLIDARIDAD NACIONAL / RENOVACION POPULAR,SOLIDARIDAD NACIONAL / RENOVACION POPULAR
46184128,FIORELLA LUY MASIAS ARRAMBIDE,RENOVACION POPULAR PERU,2,1,True,False,,RENOVACION POPULAR PERU → SOLIDARIDAD NACIONAL / RENOVACION POPULAR,,RENOVACION POPULAR PERU | SOLIDARIDAD NACIONAL / RENOVACION POPULAR,SOLIDARIDAD NACIONAL / RENOVACION POPULAR
46699563,EDUARDO JESUS MALDONADO PACHECO,ALIANZA ELECTORAL VENCEREMOS,2,1,True,False,DIALOGO VECINAL,,,ALIANZA ELECTORAL VENCEREMOS | DIALOGO VECINAL,ALIANZA:ALIANZA ELECTORAL VENCEREMOS
47069942,ELVIS DANIEL BULNES CARMEN,FRENTE POPULAR AGRICOLA FIA DEL PERU,2,1,True,False,,FRENTE POPULAR AGRICOLA FIA DEL PERU FREPAP → FREPAP | FRENTE POPULAR AGRICOLA FIA DEL PERU → FREPAP,,FRENTE POPULAR AGRICOLA FIA DEL PERU | FRENTE POPULAR AGRICOLA FIA DEL PERU FREPAP,FREPAP
47157309,EDUARDO STIVIEN HUAMANLAZO ZACARIAS,FRENTE POPULAR AGRICOLA FIA DEL PERU,2,1,True,False,,FRENTE POPULAR AGRICOLA FIA DEL PERU FREPAP → FREPAP | FRENTE POPULAR AGRICOLA FIA DEL PERU → FREPAP,,FRENTE POPULAR AGRICOLA FIA DEL PERU | FRENTE POPULAR AGRICOLA FIA DEL PERU FREPAP,FREPAP
47178993,ANDREA PAOLA COSSIO ARELLANO,RENOVACION POPULAR PERU,2,1,True,False,,RENOVACION POPULAR PERU → SOLIDARIDAD NACIONAL / RENOVACION POPULAR,,RENOVACION POPULAR PERU | SOLIDARIDAD NACIONAL / RENOVACION POPULAR,SOLIDARIDAD NACIONAL / RENOVACION POPULAR
47978991,EPIFANIO HUILLCA CAMINO,FRENTE POPULAR AGRICOLA FIA DEL PERU,2,1,True,False,,FRENTE POPULAR AGRICOLA FIA DEL PERU FREPAP → FREPAP | FRENTE POPULAR AGRICOLA FIA DEL PERU → FREPAP,,FRENTE POPULAR AGRICOLA FIA DEL PERU | FRENTE POPULAR AGRICOLA FIA DEL PERU FREPAP,FREPAP
48243154,MISAEL MENESES FLORES,FRENTE POPULAR AGRICOLA FIA DEL PERU,2,1,True,False,,FRENTE POPULAR AGRICOLA FIA DEL PERU FREPAP → FREPAP | FRENTE POPULAR AGRICOLA FIA DEL PERU → FREPAP,,FRENTE POPULAR AGRICOLA FIA DEL PERU | FRENTE POPULAR AGRICOLA FIA DEL PERU FREPAP,FREPAP
70066649,JOHAN PERCY WIDDUP MANRIQUE,ALIANZA PARA EL PROGRESO,2,1,True,False,VIVA LA MOLINA,,,ALIANZA PARA EL PROGRESO | VIVA LA MOLINA,ALIANZA PARA EL PROGRESO
70484291,CRISTOPHER JOEL URBANO GARIBAY,RENOVACION POPULAR PERU,2,1,True,False,,RENOVACION POPULAR PERU → SOLIDARIDAD NACIONAL / RENOVACION POPULAR,,RENOVACION POPULAR PERU | SOLIDARIDAD NACIONAL / RENOVACION POPULAR,SOLIDARIDAD NACIONAL / RENOVACION POPULAR
71248226,STEFANI VICTORIA ROJAS YACTAYO,RENOVACION POPULAR PERU,2,1,True,False,,RENOVACION POPULAR PERU → SOLIDARIDAD NACIONAL / RENOVACION POPULAR,,RENOVACION POPULAR PERU | SOLIDARIDAD NACIONAL / RENOVACION POPULAR,SOLIDARIDAD NACIONAL / RENOVACION POPULAR
72028527,LUZ ELENA FLORES LEDESMA,FRENTE POPULAR AGRICOLA FIA DEL PERU,2,1,True,False,,FRENTE POPULAR AGRICOLA FIA DEL PERU FREPAP → FREPAP | FRENTE POPULAR AGRICOLA FIA DEL PERU → FREPAP,,FRENTE POPULAR AGRICOLA FIA DEL PERU | FRENTE POPULAR AGRICOLA FIA DEL PERU FREPAP,FREPAP
72555045,XIOMARA NAOMI IBARRA MONTES,RENOVACION POPULAR PERU,2,1,True,False,,RENOVACION POPULAR PERU → SOLIDARIDAD NACIONAL / RENOVACION POPULAR,,RENOVACION POPULAR PERU | SOLIDARIDAD NACIONAL / RENOVACION POPULAR,SOLIDARIDAD NACIONAL / RENOVACION POPULAR
72619834,ROQUE EDGARDO GUANILO RIOS,RENOVACION POPULAR PERU,3,2,True,True,,RENOVACION POPULAR PERU → SOLIDARIDAD NACIONAL / RENOVACION POPULAR,,ACCION POPULAR | RENOVACION POPULAR PERU | SOLIDARIDAD NACIONAL / RENOVACION POPULAR,ACCION POPULAR | SOLIDARIDAD NACIONAL / RENOVACION POPULAR
73249602,SOLANGE CASTAÑEDA ALATA,FRENTE POPULAR AGRICOLA FIA DEL PERU,2,1,True,False,,FRENTE POPULAR AGRICOLA FIA DEL PERU FREPAP → FREPAP | FRENTE POPULAR AGRICOLA FIA DEL PERU → FREPAP,,FRENTE POPULAR AGRICOLA FIA DEL PERU | FRENTE POPULAR AGRICOLA FIA DEL PERU FREPAP,FREPAP
73364623,RODRIGO LLOSA LEON,RENOVACION POPULAR PERU,2,1,True,False,,RENOVACION POPULAR PERU → SOLIDARIDAD NACIONAL / RENOVACION POPULAR,,RENOVACION POPULAR PERU | SOLIDARIDAD NACIONAL / RENOVACION POPULAR,SOLIDARIDAD NACIONAL / RENOVACION POPULAR
75154418,MARIA JOSE MARCET YARROW,RENOVACION POPULAR PERU,2,1,True,False,,RENOVACION POPULAR PERU → SOLIDARIDAD NACIONAL / RENOVACION POPULAR,,RENOVACION POPULAR PERU | SOLIDARIDAD NACIONAL / RENOVACION POPULAR,SOLIDARIDAD NACIONAL / RENOVACION POPULAR
75388877,ERIKA DEYSI MAZA OBREGÓN,FRENTE POPULAR AGRICOLA FIA DEL PERU,2,1,True,False,,FRENTE POPULAR AGRICOLA FIA DEL PERU FREPAP → FREPAP | FRENTE POPULAR AGRICOLA FIA DEL PERU → FREPAP,,FRENTE POPULAR AGRICOLA FIA DEL PERU | FRENTE POPULAR AGRICOLA FIA DEL PERU FREPAP,FREPAP
75409746,DESSIRE NOEMI DOMINGUEZ HERRERA,FRENTE POPULAR AGRICOLA FIA DEL PERU,2,1,True,False,,FRENTE POPULAR AGRICOLA FIA DEL PERU FREPAP → FREPAP | FRENTE POPULAR AGRICOLA FIA DEL PERU → FREPAP,,FRENTE POPULAR AGRICOLA FIA DEL PERU | FRENTE POPULAR AGRICOLA FIA DEL PERU FREPAP,FREPAP
75830296,ZELMIRA BERENICE MARTELL CONDOR,RENOVACION POPULAR PERU,2,1,True,False,,RENOVACION POPULAR PERU → SOLIDARIDAD NACIONAL / RENOVACION POPULAR,,RENOVACION POPULAR PERU | SOLIDARIDAD NACIONAL / RENOVACION POPULAR,SOLIDARIDAD NACIONAL / RENOVACION POPULAR
76268908,BRENDA RAQUEL NUÑEZ COTRINA,RENOVACION POPULAR PERU,2,1,True,False,,RENOVACION POPULAR PERU → SOLIDARIDAD NACIONAL / RENOVACION POPULAR,,RENOVACION POPULAR PERU | SOLIDARIDAD NACIONAL / RENOVACION POPULAR,SOLIDARIDAD NACIONAL / RENOVACION POPULAR
76616758,ISAAC ESTEPHANO ESCOBEDO RIOS,RENOVACION POPULAR PERU,2,1,True,False,,RENOVACION POPULAR PERU → SOLIDARIDAD NACIONAL / RENOVACION POPULAR,,RENOVACION POPULAR PERU | SOLIDARIDAD NACIONAL / RENOVACION POPULAR,SOLIDARIDAD NACIONAL / RENOVACION POPULAR
77101181,JENNIFER GABRIELA COTRINA ORTEGA,RENOVACION POPULAR PERU,2,1,True,False,,RENOVACION POPULAR PERU → SOLIDARIDAD NACIONAL / RENOVACION POPULAR,,RENOVACION POPULAR PERU | SOLIDARIDAD NACIONAL / RENOVACION POPULAR,SOLIDARIDAD NACIONAL / RENOVACION POPULAR
77103559,JOHANNA DANITZA DEL ROSARIO MARTINEZ GOMEZ,RENOVACION POPULAR PERU,2,1,True,False,,RENOVACION POPULAR PERU → SOLIDARIDAD NACIONAL / RENOVACION POPULAR,,RENOVACION POPULAR PERU | SOLIDARIDAD NACIONAL / RENOVACION POPULAR,SOLIDARIDAD NACIONAL / RENOVACION POPULAR
77228015,MARIO SEBASTIAN TARAZONA LUNA,RENOVACION POPULAR PERU,2,1,True,False,,RENOVACION POPULAR PERU → SOLIDARIDAD NACIONAL / RENOVACION POPULAR,,RENOVACION POPULAR PERU | SOLIDARIDAD NACIONAL / RENOVACION POPULAR,SOLIDARIDAD NACIONAL / RENOVACION POPULAR
77272142,HEIDY MIRELLA SALAZAR BARRIOS,RENOVACION POPULAR PERU,3,2,True,True,,RENOVACION POPULAR PERU → SOLIDARIDAD NACIONAL / RENOVACION POPULAR,,DEMOCRACIA DIRECTA | RENOVACION POPULAR PERU | SOLIDARIDAD NACIONAL / RENOVACION POPULAR,DEMOCRACIA DIRECTA | SOLIDARIDAD NACIONAL / RENOVACION POPULAR
78286087,DYANA CELESTE MONTOYA GARCIA,RENOVACION POPULAR PERU,2,1,True,False,,RENOVACION POPULAR PERU → SOLIDARIDAD NACIONAL / RENOVACION POPULAR,,RENOVACION POPULAR PERU | SOLIDARIDAD NACIONAL / RENOVACION POPULAR,SOLIDARIDAD NACIONAL / RENOVACION POPULAR
